image_name,frame_idx,person_idx,label,detection_conf,bbox_x1,bbox_y1,bbox_x2,bbox_y2,bbox_w,bbox_h,bbox_cx,bbox_cy,aspect_ratio,nose_x,nose_y,nose_conf,left_eye_x,left_eye_y,left_eye_conf,right_eye_x,right_eye_y,right_eye_conf,left_ear_x,left_ear_y,left_ear_conf,right_ear_x,right_ear_y,right_ear_conf,left_shoulder_x,left_shoulder_y,left_shoulder_conf,right_shoulder_x,right_shoulder_y,right_shoulder_conf,left_elbow_x,left_elbow_y,left_elbow_conf,right_elbow_x,right_elbow_y,right_elbow_conf,left_wrist_x,left_wrist_y,left_wrist_conf,right_wrist_x,right_wrist_y,right_wrist_conf,left_hip_x,left_hip_y,left_hip_conf,right_hip_x,right_hip_y,right_hip_conf,left_knee_x,left_knee_y,left_knee_conf,right_knee_x,right_knee_y,right_knee_conf,left_ankle_x,left_ankle_y,left_ankle_conf,right_ankle_x,right_ankle_y,right_ankle_conf
person_0_0.jpg,0,0,caregiver,0.8933193,1746.8845,77.46963,3153.1511,1781.7845,1406.2666,1704.315,2450.0178,929.6271,0.82512134,2282.1057,447.30112,0.93844306,2300.3872,366.96634,0.9406724,2226.548,397.00113,0.7321863,2439.58,286.08054,0.90708506,2261.4294,365.38214,0.36683792,2688.6362,508.8423,0.9928738,2395.1382,547.093,0.95965403,2556.1013,1006.38196,0.9820403,2299.2144,968.74164,0.81672686,2134.6208,1336.392,0.949579,2008.1462,1161.2322,0.7686274,2938.2786,1264.3441,0.97478986,2702.4397,1251.5356,0.9440399,2879.9487,1845.0901,0.8431282,2467.551,1736.2185,0.69577,3063.7378,2160,0.48391736,2436.4038,1921.3384,0.3585055
person_1_0.jpg,1,0,patient,0.90502155,1174.3729,735.61975,2618.1338,2159.2583,1443.7609,1423.6385,1896.2534,1447.439,1.0141344,1984.9586,959.6383,0.95043725,2031.6516,918.50586,0.9637584,1963.913,915.9338,0.8024356,2146.237,965.77625,0.916789,1942.8018,962.1654,0.25294372,2349.0378,1275.0927,0.99534035,1827.2426,1233.7019,0.99011683,2537.2566,1632.6228,0.992133,1601.7139,1489.5181,0.94916415,2257.4854,1883.463,0.9822656,1512.7461,1722.7686,0.9235661,2158.957,1952.5652,0.98007965,1802.4557,1909.8373,0.97020245,1975.2161,2081.803,0.7689641,1421.3032,2039.9617,0.61924577,1919.3846,2160,0.38308236,1383.1138,2160,0.26718614
person_1_1.jpg,1,1,caregiver,0.84613216,845.76465,106.3552,1964.0537,2124.9807,1118.2891,2018.6255,1404.9092,1115.668,0.5539854,1751.2435,475.60052,0.94769996,1803.6344,427.107,0.7049406,1712.6279,403.73334,0.95887494,1816.5175,404.58,0.19280326,1580.9309,337.14236,0.94134,1692.2911,613.0192,0.97843003,1354.0634,542.46094,0.9961859,1747.191,1052.2885,0.7656817,1438.8087,1016.4189,0.9826398,1873.948,1118.9895,0.7169181,1829.9207,1157.1492,0.94801474,1336.5653,1364.3534,0.96679616,1089.008,1339.8087,0.9861643,1405.8679,1972.193,0.75467265,1151.2073,1957.1094,0.8929254,1276.2499,2160,0.41065904,993.24677,2160,0.6036295
person_2_0.jpg,2,0,patient,0.89153874,1318.729,855.8953,2607.4858,2160,1288.7568,1304.1047,1963.1074,1507.9476,0.98823106,1959.1655,1077.9082,0.9549874,2024.6661,1034.9663,0.96903944,1941.7675,1021.7557,0.80009115,2162.3025,1075.672,0.92507344,1937.1521,1041.7089,0.22909033,2334.216,1394.7563,0.99404275,1837.1891,1309.1875,0.9825365,2506.5745,1795.0931,0.98969865,1674.301,1565.8605,0.8878052,2220.3655,2006.6742,0.9802283,1677.2626,1673.9613,0.8694724,2120.7305,2090.4941,0.9682803,1798.7651,2029.5952,0.94264567,1804.5658,2160,0.7519686,1488.3749,2149.0833,0.55144227,1721.2789,2160,0.37802914,1567.3094,2160,0.24007306
person_2_1.jpg,2,1,caregiver,0.86675256,950.3865,181.60732,1937.2095,2125.83,986.823,1944.2228,1443.798,1153.7188,0.5075668,1742.8431,557.6605,0.9539056,1786.8424,500.40823,0.7813655,1687.587,491.42966,0.96407044,1824.2919,475.05728,0.20520687,1540.3857,441.15576,0.92948204,1802.9888,684.44434,0.9710284,1293.3878,665.3089,0.99501246,1878.2625,1109.0963,0.7976413,1293.161,1149.7394,0.98452264,1803.4971,1266.3219,0.7675649,1748.0392,1329.6022,0.959,1606.5491,1507.5118,0.95123994,1243.888,1507.2598,0.9804555,1570.4928,2129.691,0.6231129,1116.822,2135.8035,0.8135148,1507.1211,2160,0.21506721,1064.2758,2160,0.37328
person_3_0.jpg,3,0,caregiver,0.8470956,881.49963,425.39746,1842.8497,2128.6921,961.3501,1703.2947,1362.1747,1277.0448,0.5644062,1364.6218,828.04785,0.96209085,1394.703,757.5508,0.8593062,1293.993,773.67535,0.9651902,1453.261,686.9712,0.32065064,1171.8923,722.12366,0.91703486,1558.5463,854.33484,0.98355895,1036.0493,936.30334,0.9959378,1754.0364,1230.8408,0.8496128,1121.6144,1429.0234,0.9800136,1710.0331,1436.1588,0.77949274,1469.1841,1579.7509,0.9437494,1526.537,1658.8192,0.9575552,1173.8606,1707.6584,0.9804113,1585.0259,2099.467,0.5737719,1191.5226,2151.233,0.75936544,1434.0479,2160,0.22400123,1152.1405,2160,0.36655742
person_3_1.jpg,3,1,patient,0.80986094,1193.0737,989.06384,2574.3882,2160,1381.3145,1170.9362,1883.731,1574.532,1.1796668,1889.0769,1233.2622,0.9710115,1946.8606,1186.1819,0.97959167,1858.8536,1188.3726,0.87478364,2088.9353,1228.6791,0.94324136,1848.2865,1235.9717,0.33488628,2281.5444,1549.3572,0.9954951,1780.0667,1494.0581,0.98924315,2440.2468,1909.296,0.98886526,1543.3245,1684.2327,0.9185209,2242.9644,2101.1646,0.9764603,1570.9099,1694.4485,0.8895413,2065.4487,2160,0.95283145,1745.6727,2155.6448,0.92553186,1801.2958,2149.0874,0.5860557,1449.079,2096.978,0.40187076,1628.0544,2160,0.22088563,1453.9176,2160,0.14217135
person_4_0.jpg,4,0,patient,0.87798804,848.99524,433.16995,2586.5698,2135.829,1737.5746,1702.6592,1717.7825,1284.4995,1.0205064,1866.8234,906.53326,0.96066654,1986.6782,808.9574,0.9460261,1748.8844,813.08264,0.9509187,2143.9233,902.3692,0.71602154,1568.7532,903.76666,0.739557,2384.3027,1506.2618,0.8889394,1286.6642,1488.2913,0.90454286,2495.5698,2160,0.37366784,1069.2102,2160,0.4047081,2271.844,2160,0.24970892,1243.4855,2160,0.26560286,2138.2732,2160,0.10478443,1491.3871,2160,0.108100116,1989.9563,2097.9185,0.025130302,1438.544,1908.2695,0.025197,2098.3225,2108.222,0.016213775,2097.98,1755.7113,0.016449183
person_4_1.jpg,4,1,caregiver,0.54792666,833.39606,694.0306,1663.2598,2128.6536,829.8637,1434.623,1248.3279,1411.342,0.5784542,1596.6661,1179.962,0.91577727,1634.5356,1098.0469,0.7525654,1505.1385,1115.5092,0.9543959,1679.513,1111.0327,0.17512777,1325.2548,1151.1595,0.90579706,1772.4418,1516.0875,0.6469547,1165.3737,1555.1948,0.93069375,1778.1478,2024.6616,0.06264296,1044.0458,2048.9102,0.63513905,1442.8726,2121.3079,0.047818393,1100.0897,2094.822,0.3720479,1703.4985,2160,0.06503379,1307.0024,2160,0.17023748,1692.9764,2160,0.008964032,1234.3368,2160,0.026979387,1523.0045,2160,0.008139879,1270.7444,2160,0.019002408
person_5_0.jpg,5,0,patient,0.9066763,71.179504,314.5705,3458.4622,2149.8613,3387.2827,1835.2908,1764.8208,1232.216,1.8456382,1961.965,718.0926,0.9781179,2073.334,654.4663,0.94944614,1851.6482,645.7836,0.97368467,2194.62,803.5146,0.6851364,1651.9957,784.1088,0.84623635,2487.0913,1386.2437,0.9282694,1286.818,1359.8936,0.96542066,3135.3386,2033.7418,0.48046976,553.2735,1914.0725,0.70692617,3030.6135,2155.2688,0.3572996,151.48795,2111.4238,0.5372732,2219.989,2160,0.1999112,1558.0938,2160,0.2640146,2197.412,1952.4417,0.034900904,1773.0466,1917.9528,0.046296835,2121.1377,1848.668,0.0197559,2426.5564,1766.1858,0.023343712
person_6_0.jpg,6,0,patient,0.898611,15.43991,380.66,3840,2128.7476,3824.56,1748.0875,1927.72,1254.7037,2.1878538,2062.8853,804.64667,0.9862151,2158.9666,732.26666,0.9646871,1926.5903,726.7742,0.9761877,2271.2754,876.50995,0.68886334,1682.2086,871.9221,0.8327255,2590.3994,1411.446,0.96115327,1295.2224,1374.3566,0.96869993,3174.1624,1517.9365,0.82296145,598.19354,1430.2974,0.853471,3625.9583,1339.4412,0.8047862,234.79922,1220.4775,0.8357868,2379.8892,2160,0.3552639,1553.7734,2160,0.37395477,2600.3228,1758.6895,0.041060477,1237.5885,1580.3993,0.04093632,2850.1938,1846.3965,0.011062384,1506.0067,1495.9762,0.010869205
person_7_0.jpg,7,0,patient,0.53494906,6.0145564,394.96442,3820.2634,2146.0867,3814.2488,1751.1223,1913.139,1270.5255,2.1781738,2036.5334,863.3451,0.97210914,2157.4766,791.1338,0.94924664,1909.1678,768.5451,0.94966394,2319.3557,942.6738,0.66143644,1677.7672,901.88275,0.64907366,2633.4736,1402.6024,0.9126103,1396.7349,1407.6722,0.9366638,3301.3389,1694.6072,0.68888164,688.14685,1681.592,0.77711904,3510.9243,1800.4487,0.65656817,131.9038,1502.2612,0.73661005,2417.3855,2160,0.33340135,1597.8303,2154.696,0.3713042,2412.522,1734.2733,0.052824914,1019.03015,1688.9629,0.06270337,2092.2546,1807.3921,0.018072844,775.12537,1721.6903,0.020306885
person_8_0.jpg,8,0,patient,0.8602884,0,501.3171,3840,2160,3840,1658.6829,1920,1330.6586,2.31509,1929.6581,960.335,0.98448765,2051.6633,886.77185,0.966297,1791.1265,883.3409,0.9737307,2223.608,1035.8068,0.75651646,1587.366,1028.0385,0.8106622,2516.9795,1593.3823,0.95219374,1239.6858,1482.3129,0.9675287,3052.95,1779.4055,0.74370235,404.3693,1470.0184,0.82211363,3575.783,1836.9558,0.68783915,0,1499.2039,0.76885104,2265.3152,2160,0.3618088,1484.5502,2160,0.40797788,2394.9436,1985.0198,0.055448383,1259.5055,1798.6019,0.061759263,2602.7964,2036.037,0.020955235,1614.0151,1733.177,0.022613883
person_8_1.jpg,8,1,caregiver,0.52868944,1164.0857,793.7617,1636.9716,1336.364,472.88586,542.6023,1400.5286,1065.0629,0.8715147,1478.1368,1149.4951,0.8610505,1545.6241,1069.8317,0.83785427,1385.8624,1072.0902,0.88656,1634.9216,1115.009,0.47045648,1230.2659,1121.7109,0.6811313,1694.1503,1416.7069,0.30867103,1172.8291,1433.8712,0.3708509,1738.1426,1495.8416,0.036289543,1187.6888,1507.3575,0.056030124,1574.4935,1334.7822,0.040350378,1392.6053,1337.8113,0.055835962,1656.8297,1664.3132,0.032512605,1327.1024,1673.2408,0.037186623,1619.3755,1569.6116,0.008950383,1358.8226,1571.621,0.009931356,1539.5769,1657.3772,0.008630782,1421.2539,1669.0933,0.009436965
person_9_0.jpg,9,0,patient,0.83434606,0,647.6033,3809.0417,2160,3809.0417,1512.3967,1904.5209,1403.8016,2.5185466,1689.8094,1090.3033,0.9786619,1827.8622,1048.2971,0.96947736,1562.7927,1032.0308,0.94664705,2029.6698,1255.1632,0.8411429,1391.6047,1217.8374,0.66484046,2290.5334,1728.7067,0.9717443,1099.5392,1643.0131,0.9482956,2888.694,1793.5891,0.87051105,329.75735,1573.5776,0.7187458,3463.652,1827.6958,0.8039333,0,1395.3312,0.68132925,2121.121,2160,0.4884352,1401.6611,2160,0.395987,2299.9836,2125.5352,0.07662666,1368.6517,2016.4187,0.05395955,2404.674,2041.8304,0.023520231,1787.7415,1821.8046,0.01882255
person_10_0.jpg,10,0,patient,0.8802369,0,741.61694,3813.7847,2160,3813.7847,1418.383,1906.8923,1450.8085,2.6888256,1798.143,1219.1838,0.980688,1930.3024,1166.428,0.9692489,1675.134,1156.7816,0.9564899,2120.448,1347.0259,0.8163457,1503.3035,1317.6113,0.71470416,2333.4265,1825.8868,0.9659833,1224.3827,1730.02,0.9567771,2874.8552,1918.586,0.8424213,405.08603,1677.7168,0.7652327,3470.1707,1977.088,0.78292143,5.381698,1620.4385,0.7279743,2169.6033,2160,0.43917942,1506.9125,2160,0.39311838,2251.4102,2075.8677,0.06807873,1409.5526,2014.81,0.05641681,2387.6028,1968.9685,0.022349894,1798.873,1824.1089,0.01988241
person_0_0.jpg,0,0,caregiver,0.86846507,1900.31,325.5781,2529.7163,2084.3132,629.40625,1758.7351,2215.0132,1204.9457,0.3578744,2035.5261,507.4794,0.1412321,2034.043,468.11792,0.18463042,2048.7214,462.32147,0.029322863,2057.2864,470.75864,0.8037513,2225.516,447.1139,0.14296874,2077.212,649.1276,0.97748953,2358.1768,606.2997,0.918095,2023.9136,934.20496,0.9496366,2429.9229,872.7397,0.5862146,1974.2998,1171.8335,0.8376136,2339.7393,1107.7347,0.4278869,2261.3965,1171.9512,0.9886334,2442.5603,1154.4172,0.97696966,2326.399,1587.5752,0.97741866,2426.5347,1571.9778,0.9479228,2414.1794,1986.1888,0.94242525,2457.612,1945.1083,0.8966944
person_1_0.jpg,1,0,caregiver,0.86831605,2174.409,7.5656886,3453.185,1366.4456,1278.7761,1358.8799,2813.7969,687.0056,0.9410516,2630.933,6.99789,0.107822806,2642.8188,0,0.1533603,2640.5718,0,0.018234521,2782.0947,0,0.28286463,2695.6804,0,0.005667657,3121.2761,31.84078,0.7803775,2650.8474,46.28036,0.5714737,3229.5027,485.56912,0.9692796,2595.044,419.99814,0.7947121,2781.0095,768.8174,0.962157,2461.6936,662.3824,0.838522,3149.0251,927.16296,0.9488751,2820.836,921.5581,0.91805077,3130.8462,1506.4574,0.71190596,2671.228,1498.1453,0.5457537,3282.512,1844.0864,0.22529626,2778.1768,1816.4375,0.14592695
person_1_1.jpg,1,1,patient,0.79922855,1156.0223,1101.6298,2940.3179,1961.5488,1784.2955,859.91907,2048.1702,1531.5894,2.0749576,1542.7401,1238.9506,0.9509523,1543.4779,1169.2655,0.83526206,1451.9309,1221.4619,0.8764975,1594.5214,1222.8684,0.44401366,1348.0967,1341.447,0.7532054,1669.0541,1384.8174,0.98739177,1559.5654,1619.1259,0.98664844,2023.8638,1475.6643,0.93885034,1895.6848,1882.8062,0.9070228,2160.9683,1590.7451,0.9342968,2245.6062,1726.01,0.90674806,2498.2432,1596.8165,0.9760164,2395.9395,1762.9883,0.97680116,2504.974,1492.0417,0.94326425,2494.5632,1658.7155,0.9387151,2994.6091,1521.5723,0.9117006,3002.3926,1719.5964,0.9071939
person_2_0.jpg,2,0,patient,0.82242763,1740.9874,255.06064,3130.6936,1743.0789,1389.7062,1488.0182,2435.8406,999.06976,0.93393093,1898.7335,737.5396,0.8433629,1929.1394,652.8228,0.8980998,1884.275,673.3811,0.26915932,2110.3215,613.6878,0.93974316,2069.4324,642.20575,0.09692374,2393.9705,897.6404,0.9749565,2268.1653,892.63055,0.9137454,2281.5698,1528.3375,0.8784654,2077.8809,1490.9913,0.36924112,1957.1346,1573.3284,0.66212755,1991.6564,1508.805,0.25903362,2947.7063,1711.4181,0.6898881,2815.0613,1697.0485,0.5530555,2560.5554,2034.3854,0.15173063,2242.712,2016.6364,0.06670952,2697.8062,2160,0.039757937,2233.8274,2160,0.021186024
person_3_0.jpg,3,0,caregiver,0.8669149,1611.5952,421.8981,3163.2053,2040.8291,1551.6101,1618.931,2387.4004,1231.3636,0.95841646,1826.4706,938.26166,0.9048805,1870.412,838.90295,0.91789067,1780.8544,890.2354,0.6387919,2080.16,749.295,0.88546276,1829.294,865.48425,0.21100155,2561.8909,1018.8979,0.981622,1893.7313,1178.8472,0.8980429,2982.704,1608.4734,0.9512944,1945.9056,1778.8082,0.61871374,2819.4277,2028.1283,0.8902889,1873.3241,1981.925,0.54188436,2793.6948,1962.0249,0.7690801,2376.4817,1993.8275,0.5915516,2435.1262,2160,0.24922395,2035.6843,2113.1462,0.11652771,2788.4778,2160,0.062424988,2592.326,2002.3967,0.035700202
person_4_0.jpg,4,0,patient,0.8982397,948.371,770.74304,2716.804,2148.32,1768.433,1377.577,1832.5874,1459.5315,1.2837272,1665.6211,1012.04285,0.96747273,1762.3667,967.6132,0.95516586,1635.3052,960.57446,0.9006307,1950.1656,1079.4323,0.8517022,1613.3951,1055.1102,0.52088386,2186.8867,1463.8597,0.97736746,1406.513,1469.43,0.9458914,2568.8887,1800.8434,0.91441643,1096.1228,1861.4409,0.7460287,2482.092,1916.8057,0.86592126,1268.6909,2160,0.6878716,2033.3618,2160,0.63656,1532.865,2160,0.5151338,2088.3062,2077.3242,0.12904376,1451.7625,2060.854,0.082218975,2239.7368,2065.9016,0.038728952,1823.0999,1991.0544,0.028159797
person_4_1.jpg,4,1,caregiver,0.8852327,2456.756,433.05722,3801.6997,2129.2493,1344.9436,1696.192,3129.228,1281.1532,0.79291946,2746.4683,721.86237,0.9175259,2829.3835,670.5726,0.9320099,2751.664,665.6916,0.63929963,3044.0159,757.12256,0.89411426,2825.6135,734.45087,0.18694115,3320.9197,1167.7988,0.9809963,2741.6638,1159.9177,0.87329555,3319.9543,1741.6392,0.9584706,2520.9407,1690.9768,0.56957513,2783.274,1742.0616,0.91867137,2534.4446,1819.7355,0.55402184,3422.7346,2118.6226,0.7150615,2999.3545,2103.8108,0.485872,3287.2954,2160,0.16184714,2633.6016,2157.7036,0.062698424,3674.6843,2160,0.033019245,3007.2874,2134.066,0.016815335
person_5_0.jpg,5,0,patient,0.89343536,946.46545,759.2912,2721.9475,2150.054,1775.482,1390.7627,1834.2065,1454.6726,1.2766247,1689.9819,992.94305,0.97019696,1788.0096,950.762,0.9566879,1657.4044,937.30664,0.9110227,1962.8264,1067.8274,0.84685683,1624.1686,1029.4059,0.55152225,2183.7903,1460.8827,0.9777484,1409.9712,1453.87,0.9513609,2559.2334,1795.8287,0.91739076,1093.6401,1845.3982,0.77533734,2493.3838,1898.0648,0.87286377,1246.1304,2139.8066,0.7218129,2034.9169,2160,0.65512204,1528.459,2160,0.54663897,2115.3384,2106.8423,0.13330233,1408.4049,2087.504,0.088657856,2253.5977,2086.489,0.038762778,1713.5934,2016.8969,0.028942019
person_5_1.jpg,5,1,caregiver,0.87666595,2437.7195,445.28845,3821.2617,2134.9114,1383.5422,1689.6229,3129.4907,1290.0999,0.81884676,2692.414,744.12067,0.91924727,2780.131,684.19727,0.92951816,2689.6885,689.8435,0.63467616,3008.7864,759.7932,0.8908709,2752.887,757.21387,0.17632374,3267.2495,1172.9973,0.9813218,2719.941,1174.7987,0.8719568,3281.9346,1759.5762,0.9617641,2537.684,1681.9688,0.58282304,2742.4038,1768.8665,0.92785406,2479.371,1779.3011,0.5827066,3397.572,2137.057,0.72117287,2991.8179,2127.1855,0.4908799,3224.8792,2155.881,0.17538363,2633.9614,2144.7349,0.06758499,3679.4392,2160,0.038194,3091.5383,2116.8823,0.019424707
person_6_0.jpg,6,0,patient,0.8934616,772.72906,613.79443,2584.5623,2160,1811.8333,1546.2056,1678.6456,1386.8972,1.1717932,1554.7733,847.68146,0.97018933,1643.3505,805.637,0.95684,1537.5443,802.02515,0.88845426,1839.0118,923.18097,0.8562957,1547.1976,904.542,0.4773779,2108.1023,1314.8043,0.9835882,1368.4832,1284.7979,0.9585314,2425.512,1649.3911,0.94735813,987.4927,1586.1158,0.82828206,2346.6228,1787.546,0.91622925,931.1251,1921.7095,0.7869457,1906.2329,2121.5754,0.82067883,1399.1125,2087.902,0.73316556,1895.9987,2135.975,0.2906537,1079.0251,2101.5413,0.20386422,2048.721,2160,0.07403809,1180.7799,2160,0.057133526
person_6_1.jpg,6,1,caregiver,0.83114886,2254.5156,226.28653,3792.8887,2145.792,1538.373,1919.5055,3023.7021,1186.0393,0.8014424,2688.7864,571.0139,0.9360888,2785.9412,508.30762,0.9489691,2666.801,516.74786,0.63737863,2999.7905,589.68176,0.92659163,2697.3677,589.3981,0.16693103,3240.427,1024.0667,0.9903519,2706.3323,1023.3816,0.90193284,3170.7732,1625.0747,0.980036,2437.1099,1511.689,0.605193,2568.8018,1602.2551,0.9579784,2194.0247,1540.6901,0.6156157,3363.529,2009.5803,0.85353327,2992.2422,1978.8918,0.64443964,2717.3376,2050.8242,0.37169856,2322.4807,2038.5198,0.13622743,3085.9143,2160,0.09048033,2798.254,2132.151,0.04049042
person_7_0.jpg,7,0,patient,0.8997714,529.22925,503.90738,2367.0261,2157.249,1837.7969,1653.3417,1448.1277,1330.5782,1.1115651,1380.0613,736.515,0.97441596,1483.5682,702.20416,0.96277046,1360.4624,686.10986,0.90108955,1675.9576,837.99805,0.880972,1343.1547,792.496,0.49899402,1899.325,1266.9689,0.98919713,1119.891,1211.4637,0.9671005,2271.2444,1658.2482,0.96128273,726.95844,1594.7245,0.8322201,2124.1892,1672.2252,0.93585217,678.7003,1923.5011,0.7914429,1583.2787,2069.2053,0.88793576,1081.7261,2021.4019,0.81029725,1483.057,2160,0.43921903,821.26447,2135.8083,0.29833585,1564.3645,2160,0.13353387,1020.10876,2160,0.093542874
person_7_1.jpg,7,1,caregiver,0.8363205,1997.6586,132.75742,3595.7114,2133.6194,1598.0529,2000.8619,2796.685,1133.1884,0.7986822,2506.086,465.24396,0.9318855,2599.9539,409.47028,0.9387005,2499.302,401.34634,0.64952695,2831.4421,512.60394,0.9095222,2566.6821,479.577,0.19422588,3089.2502,979.15906,0.98873013,2561.5881,939.2214,0.92568505,2992.3096,1629.4203,0.9746454,2381.0142,1513.1011,0.7170105,2354.578,1569.0348,0.94635177,2250.1963,1441.3636,0.69428897,3152.6865,1998.7941,0.8897085,2739.279,1942.7831,0.7684852,2772.9563,2160,0.39909658,2112.2397,2137.8975,0.20066836,2996.347,2160,0.08824709,2289.97,2160,0.048232585
person_8_0.jpg,8,0,patient,0.87295294,1847.1124,837.5704,3486.9573,2140.9424,1639.8448,1303.3721,2667.035,1489.2563,1.2581556,2643.0522,1276.5856,0.97654414,2733.3052,1206.5524,0.97811294,2563.2712,1200.7157,0.97046554,2869.6387,1294.9816,0.80880415,2447.8955,1277.3982,0.719109,3124.5166,1796.4264,0.9478907,2183.569,1765.5085,0.95666313,3371.3015,2160,0.5623522,1944.7173,2160,0.59726936,3209.556,2160,0.39505643,2110.0962,2160,0.41012317,2942.231,2160,0.25634766,2323.27,2160,0.2761129,3040.319,2160,0.033131063,2128.67,2160,0.03448817,2877.6672,2160,0.021716446,2125.9307,2160,0.022603482
person_8_1.jpg,8,1,caregiver,0.74026024,1559.1855,0,2936.561,2024.5197,1377.3755,2024.5197,2247.8733,1012.2598,0.6803468,2409.0652,234.75996,0.9359506,2477.0476,161.80846,0.82564867,2339.419,162.59421,0.94916487,2568.1487,183.35918,0.27935666,2204.6956,172.91438,0.84654164,2681.2703,547.61053,0.9586126,1924.1852,534.578,0.9913126,2844.5796,1065.0785,0.7688844,1645.4976,1031.4921,0.9767865,2799.929,1040.6187,0.69136864,2094.7017,967.99866,0.9345727,2591.4731,1661.2188,0.8929024,2080.3823,1667.9745,0.95214057,2630.0312,2160,0.16275474,2022.2748,2160,0.31770635,2531.932,2160,0.024794817,2035.6741,2160,0.048460007
person_9_0.jpg,9,0,patient,0.85639673,1624.7982,888.0586,3477.8264,2134.3396,1853.0282,1246.281,2551.3123,1511.1991,1.4868462,2503.4705,1244.2203,0.97799677,2620.439,1187.0082,0.9849731,2461.1287,1157.4664,0.94997835,2821.2983,1299.407,0.9086691,2417.767,1229.6367,0.49809992,3081.3506,1787.7781,0.9730563,2140.5723,1706.2698,0.9398743,3379.6606,2160,0.7833826,1877.765,2137.1956,0.48773167,3287.4316,2077.5317,0.5833633,1935.4613,2160,0.33726215,2779.4128,2160,0.33140415,2141.0486,2160,0.24384314,3105.5989,2102.3152,0.034842312,2046.0104,2045.8472,0.022776455,3053.211,2160,0.018600166,1960.9713,2160,0.013309956
person_9_1.jpg,9,1,caregiver,0.741317,1681.3636,2.7079008,3262.19,1678.7349,1580.8263,1676.027,2471.7769,840.7214,0.9431986,2229.9504,311.57007,0.98517406,2286.54,209.46646,0.9709345,2128.1807,253.50287,0.9824757,2423.9463,151.18285,0.6445945,2015.7721,265.94604,0.8646027,2721.4612,441.49405,0.9886016,1890.5806,619.0386,0.99615407,3119.0342,882.8289,0.90276146,1788.1091,1161.521,0.97761536,2918.179,946.86304,0.83086014,2014.4725,1104.6864,0.93703204,2762.9656,1526.7878,0.92543447,2190.9475,1609.9456,0.95901006,2866.9192,2091.8696,0.19272348,2054.2324,2160,0.30609816,2845.0457,2160,0.03196588,2103.2305,2160,0.052529186
person_10_0.jpg,10,0,patient,0.87429434,1513.5609,832.3876,3376.0364,2130.7078,1862.4755,1298.3202,2444.7986,1481.5476,1.434527,2400.0115,1209.6157,0.97313184,2496.7732,1146.1555,0.9758271,2347.089,1136.7578,0.96282756,2681.7705,1237.1262,0.82633173,2296.9895,1214.1361,0.6659466,2964.382,1718.3983,0.945348,2033.5111,1668.0172,0.9540416,3213.1963,2160,0.53765583,1724.4076,2102.5684,0.63039774,3080.6746,2098.6558,0.34273893,1891.0751,2134.0232,0.41189498,2690.5667,2160,0.2260026,2048.6614,2160,0.25160939,2943.4546,2046.2024,0.024534762,1758.1853,1992.8057,0.028099954,2855.4094,2160,0.016589224,1628.6809,2160,0.018273115
person_10_1.jpg,10,1,caregiver,0.7704556,1898.6542,0,3213.8604,1627.3005,1315.2062,1627.3005,2556.2573,813.65027,0.8082135,2782.3164,101.822716,0.8061178,2862.3333,62.794643,0.6636776,2735.7378,15.504111,0.7635947,2916.0522,174.38803,0.31106257,2583.8494,39.1357,0.52755487,2968.0261,586.16815,0.9494331,2211.1558,373.95938,0.9628128,3066.6619,1117.9777,0.8372865,1989.6102,710.1553,0.88417757,2842.797,968.74176,0.74953866,2477.2705,490.85654,0.7933252,2707.6716,1478.7874,0.8751414,2166.061,1396.3606,0.8885937,2937.5,1731.0985,0.28021866,2116.3123,1648.7853,0.30811718,2863.8137,2160,0.08629346,2051.737,2097.6658,0.0957976
person_11_0.jpg,11,0,patient,0.8853228,341.69333,427.29398,2227.455,2134.8027,1885.7617,1707.5088,1284.5742,1281.0483,1.1043936,1558.9054,1024.6427,0.9791657,1684.8647,928.0097,0.95750535,1477.5292,910.6449,0.95893323,1885.5875,907.3142,0.75413644,1358.364,861.2051,0.7244839,2030.8165,1306.5651,0.9534488,1211.6404,1188.8854,0.97863144,1976.5826,1915.4167,0.7863419,759.8344,1656.3607,0.9078106,1654.8359,1984.905,0.7502017,572.5699,1877.4377,0.8568387,1768.8447,2160,0.5692783,1231.2527,2138.1255,0.66326356,1423.4463,2160,0.117616504,789.56354,2093.8584,0.15793523,1294.6143,2160,0.03360766,884.9586,2103.4675,0.04247567
person_11_1.jpg,11,1,caregiver,0.8614297,1275.8519,13.987769,3641.0032,2149.8582,2365.1514,2135.8704,2458.4275,1081.923,1.1073478,2169.536,723.22687,0.92486525,2255.2805,625.3676,0.93802214,2189.5166,621.184,0.5402473,2589.7283,570.79877,0.91432023,2379.3467,546.7244,0.11984414,3005.5813,1051.8127,0.97201586,2528.2065,984.83716,0.91137016,2741.247,1994.834,0.9291929,2250.9285,1826.6548,0.6620017,1931.6663,2035.3467,0.9006883,1844.9569,2014.69,0.66173583,3178.023,2160,0.56946373,2866.3955,2160,0.43581885,2237.1672,2160,0.14652655,1934.1534,2063.1143,0.07933915,2201.8608,2160,0.03696084,2199.4597,2156.1064,0.02606982
person_12_0.jpg,12,0,patient,0.9025371,279.57047,380.1299,2183.9006,2146.214,1904.3302,1766.0842,1231.7356,1263.172,1.0782783,1477.6924,1004.9687,0.9817579,1607.6075,910.39874,0.9614674,1407.7633,886.4292,0.9576858,1830.7909,890.39355,0.75072104,1305.7367,832.9226,0.6844196,2013.4263,1267.3656,0.9514626,1133.8164,1143.6584,0.97568095,1997.8634,1821.084,0.8165502,681.5786,1568.2247,0.9135964,1613.735,1884.3707,0.81613195,526.1785,1869.7473,0.8877684,1750.074,2160,0.6102138,1127.0236,2073.797,0.68505764,1644.52,2160,0.15366739,694.75226,2035.0474,0.20237553,1477.394,2160,0.045445234,590.1855,2143.1953,0.058630228
person_12_1.jpg,12,1,caregiver,0.88372135,1263.1086,0,3587.273,2160,2324.1643,2160,2425.191,1080,1.076002,2090.3584,667.33496,0.9361683,2187.2812,573.1128,0.945374,2102.3108,562.4099,0.5961717,2523.5085,540.74146,0.91522944,2262.584,504.5291,0.12945887,2921.1294,1020.1446,0.97486085,2408.9993,953.789,0.9181191,2700.5996,1931.1243,0.93918633,2154.5771,1762.9849,0.69744647,1902.3341,1996.3036,0.9107063,1754.9352,1962.4641,0.68747824,3120.615,2160,0.62561446,2759.9988,2160,0.49099797,2342.6233,2160,0.1555956,1857.8458,2038.4829,0.08446273,2331.6204,2160,0.039157063,2081.6235,2071.0789,0.027293712
person_13_0.jpg,13,0,caregiver,0.8158722,1040.933,170.88637,3033.0833,2148.2463,1992.1503,1977.36,2037.008,1159.5664,1.0074798,2159.3618,1015.8293,0.97817415,2271.2136,929.0733,0.93087995,2083.704,845.07635,0.97499543,2308.8591,929.28503,0.40035257,1772.3208,717.32434,0.8827784,2270.6116,1437.507,0.9307035,1186.6792,1279.2329,0.9436201,2386.782,2103.0505,0.64268434,847.0406,2075.2817,0.68494815,2669.1829,2089.7659,0.56014484,1446.0668,2047.5594,0.643503,2176.1409,2160,0.25686675,1459.2039,2160,0.25765145,2735.2893,2160,0.040190697,1621.5299,2160,0.03905973,2870.494,2160,0.017701745,2037.0459,2111.615,0.016486526
person_13_1.jpg,13,1,patient,0.73403597,0,1.131134,1741.2245,2147.5264,1741.2245,2146.3953,870.61224,1074.3287,0.811232,1386.5256,897.09546,0.87973964,1418.5325,831.5327,0.40807018,1363.1268,727.337,0.9324033,1126.17,747.6205,0.05773589,970.49176,519.3814,0.9332044,819.2227,1116.1862,0.8086015,242.81973,926.5442,0.9403191,885.4788,1988.4313,0.41927814,202.81848,1819.3431,0.8023659,1356.9032,2048.1797,0.3665426,1134.7688,2025.7776,0.6820593,596.7672,2160,0.27676523,209.5289,2160,0.35830453,1386.1,2160,0.056292444,810.65,2138.5188,0.07880607,1514.3876,2160,0.02402696,1033.2776,2160,0.027984828
person_14_0.jpg,14,0,patient,0.7952901,0,69.349594,1793.2262,2140.3542,1793.2262,2071.0046,896.6131,1104.8519,0.8658726,1399.5042,1025.9934,0.872006,1434.6439,958.3291,0.3661763,1388.3257,871.9211,0.9296268,1164.735,887.0189,0.05491036,1006.8055,683.28455,0.9410087,862.71655,1263.3896,0.8252113,255.53345,1104.2561,0.94300437,823.98676,2101.602,0.4323305,170.50252,2023.6454,0.7988416,1318.7463,2067.4727,0.3786385,1174.8951,2098.0115,0.6923273,628.07404,2160,0.24419352,223.26237,2160,0.32410535,1332.447,2160,0.04234922,680.7196,2160,0.057805955,1618.777,2160,0.018262267,1151.9949,2160,0.020265222
person_14_1.jpg,14,1,caregiver,0.76878333,1056.2694,253.97849,2958.1208,2157.4055,1901.8514,1903.427,2007.1951,1205.692,0.9991723,2125.5928,1104.6991,0.97613144,2240.553,1012.5757,0.9139012,2049.7297,937.6281,0.97893846,2282.756,985.2417,0.32089084,1742.0651,793.731,0.9009415,2283.1384,1497.0698,0.8861943,1203.3511,1331.4316,0.9481423,2495.742,2160,0.4551424,962.14777,2156.7703,0.7216264,2565.7654,2160,0.38687775,1451.5848,2086.5654,0.63442504,2086.4224,2160,0.17625415,1363.435,2160,0.2270732,2633.7305,2160,0.024617583,1609.895,2160,0.035122424,2671.8591,2160,0.012440354,1985.1919,2160,0.015333682
person_15_0.jpg,15,0,patient,0.8635582,0,547.65765,1548.9656,2130.5723,1548.9656,1582.9146,774.4828,1339.115,0.9785529,1287.8518,1455.7689,0.797189,1321.7925,1373.2521,0.45640433,1273.2668,1311.2621,0.9252593,1082.5931,1305.3485,0.08550349,925.74866,1147.4033,0.93037105,879.53143,1708.1552,0.5633098,169.05286,1651.7137,0.7598741,844.30695,2160,0.0684495,68.41486,2160,0.18576542,1096.655,2160,0.0411866,896.7965,2160,0.1004574,477.63736,2160,0.03283626,137.40144,2160,0.040970802,741.63617,2160,0.016386092,691.1168,2089.0159,0.01928097,1005.2335,2160,0.022358507,1645.0396,1737.8374,0.023702413
person_15_1.jpg,15,1,caregiver,0.82897276,1039.0752,550.8816,2419.5012,2155.517,1380.426,1604.6355,1729.2882,1353.1993,0.8602739,1864.9963,1364.051,0.9540037,1986.6743,1278.1079,0.9223065,1795.8993,1219.1438,0.93487453,2087.118,1249.5444,0.49850842,1586.6001,1083.4824,0.64336926,2092.199,1646.0865,0.924945,1159.0055,1497.0116,0.82383686,2307.4272,2160,0.57758355,1094.2883,2160,0.22999188,2319.3582,2160,0.38710427,1521.8357,2160,0.15560436,1825.575,2160,0.1569939,1199.1624,2160,0.09692323,2165.6387,2160,0.020027399,1459.9546,2160,0.012411535,2132.3904,2160,0.011266381,1497.7312,2160,0.007725447
person_16_0.jpg,16,0,caregiver,0.8867821,1022.5472,384.12344,2421.9888,2160,1399.4417,1775.8766,1722.268,1272.0618,0.78802866,1939.147,1110.9537,0.9483527,2042.4736,1004.64996,0.87598777,1834.948,975.96173,0.9594959,2141.3877,1011.4323,0.3020265,1577.2184,922.394,0.8252003,2205.4285,1529.4448,0.8599698,1180.0996,1419.881,0.9201511,2280.4082,2160,0.3093825,911.0448,2151.5403,0.55649465,1830.8435,2136.4893,0.23052752,1284.4622,2126.0576,0.38223195,1923.532,2160,0.17889655,1236.5679,2160,0.22414383,2090.7422,2160,0.022292852,1320.4971,2160,0.029103965,1847.8262,2160,0.010911703,1339.0441,2160,0.013097525
person_16_1.jpg,16,1,patient,0.7546036,0,509.69327,1708.4619,2138.6301,1708.4619,1628.9369,854.23096,1324.1617,1.0488203,1305.7966,1404.9448,0.7467801,1320.1646,1319.6637,0.28553677,1281.5305,1263.6337,0.8790314,1016.43536,1224.915,0.060614496,932.73175,1102.0463,0.9140754,793.88635,1548.5826,0.6832091,218.6904,1501.3457,0.8690592,783.3961,2160,0.21955252,238.59276,2160,0.56589186,1260.6398,2142.425,0.16471976,1282.7296,2160,0.38062394,495.17746,2160,0.10876137,141.17867,2160,0.14087552,1102.6389,2160,0.02093035,695.5502,2160,0.027028322,1468.11,2160,0.011829108,1172.2395,1931.7056,0.013245106
person_17_0.jpg,17,0,patient,0.8793073,0,404.9638,1501.2743,2117.2046,1501.2743,1712.2407,750.63715,1261.0842,0.8767893,1291.403,1313.9918,0.76600116,1304.7825,1233.5538,0.33838528,1280.3654,1193.0916,0.8957628,1049.7578,1163.6102,0.06826487,955.4934,1052.86,0.92267835,898.2394,1499.5151,0.6566487,227.17574,1486.4135,0.8620834,853.89764,2155.577,0.14653748,189.20786,2160,0.42849272,1112.3899,2160,0.08880967,1042.9075,2160,0.24093431,603.51575,2160,0.07453206,234.6283,2160,0.10410687,914.15546,2160,0.021172494,642.5688,2082.437,0.027687937,1375.8835,2160,0.018141776,1556.2993,1753.4316,0.020619929
person_17_1.jpg,17,1,caregiver,0.8744261,1011.3196,432.36728,2452.9214,2155.6863,1441.6018,1723.319,1732.1205,1294.0267,0.8365264,1951.3947,1221.7563,0.9600791,2088.045,1152.0115,0.9185493,1890.1981,1075.566,0.9627274,2181.3506,1134.5242,0.5115203,1672.5604,939.73615,0.83316207,2145.8987,1501.1031,0.84553444,1221.5369,1380.5671,0.9067122,2253.106,2160,0.36558533,1019.2222,2160,0.52920675,2198.5713,2160,0.28293565,1429.2299,2160,0.4184636,1888.8802,2160,0.13678509,1310.7866,2160,0.16532442,2159.6816,2160,0.033256203,1566.9044,2160,0.040801913,2046.1825,2160,0.021777868,2062.213,2160,0.023713976
person_18_0.jpg,18,0,patient,0.85616004,0,371.4111,1525.1437,2120.7852,1525.1437,1749.374,762.57184,1246.0981,0.87182254,1306.4375,1263.4349,0.7742976,1316.3752,1186.354,0.31670016,1278.9083,1136.6736,0.88815665,1041.8501,1088.1255,0.06345174,940.1323,975.08545,0.9137516,879.2447,1386.8851,0.70530576,266.85626,1344.5006,0.90077114,880.93634,2160,0.22772229,315.66632,2160,0.6286993,1241.5779,2160,0.1494059,1134.6791,2160,0.3952139,635.2324,2160,0.12953913,257.85803,2160,0.18289691,1121.3853,2160,0.023145556,747.4809,2139.001,0.03298825,1501.7355,2160,0.012654573,1318.4081,1866.6112,0.015414804
person_18_1.jpg,18,1,caregiver,0.82473075,1053.2734,349.9374,2430.193,2150.984,1376.9197,1801.0465,1741.7333,1250.4607,0.76451087,1902.548,1162.4517,0.9495435,2018.4415,1062.4209,0.9011148,1817.4838,1022.6053,0.93794304,2140.9639,998.6029,0.397067,1616.3044,876.9935,0.675819,2146.7498,1378.145,0.9345988,1224.9204,1241.9315,0.91539884,2273.0603,2104.2808,0.7097963,1030.0641,1993.3254,0.60660887,2407.8586,2158.824,0.5889345,1581.0573,2124.7476,0.47516054,1852.0326,2160,0.4017957,1239.2374,2160,0.35298422,2162.666,2160,0.059164494,1458.6168,2160,0.051731497,1988.6809,2160,0.020647556,1402.2919,2160,0.018851966
person_19_0.jpg,19,0,patient,0.91895854,2098.1094,151.94205,3818.8364,1965.6989,1720.727,1813.7568,2958.473,1058.8204,0.9487088,2677.8245,656.7791,0.97417307,2770.6663,545.8309,0.9615517,2571.074,574.7479,0.93842334,2969.1445,534.5023,0.8416039,2464.7231,600.3634,0.65242267,3232.293,940.1115,0.97534156,2358.1763,1028.9011,0.95870495,3647.528,1496.5504,0.89268744,2255.361,1601.407,0.80163395,3406.6672,1970.8597,0.82758296,2857.4368,1682.9664,0.749709,3174.3352,2047.6647,0.6425684,2585.884,2099.4097,0.57863265,3286.2458,2160,0.09188017,2637.798,2160,0.072353184,3212.8633,2160,0.01942861,2885.107,2160,0.01573062
person_19_1.jpg,19,1,caregiver,0.9166092,417.19366,0,2204.097,2090.4858,1786.9033,2090.4858,1310.6453,1045.2429,0.85477895,1768.1631,381.5896,0.9461818,1770.639,281.86615,0.620811,1684.1731,266.36328,0.955225,1622.4832,320.5323,0.09223166,1329.3135,275.2494,0.9417667,1606.5615,868.241,0.9403206,775.0518,865.75214,0.9800638,1849.1771,1634.3728,0.6928278,700.97516,1814.7887,0.9064077,1953.9688,1104.7297,0.6342574,1746.3024,1765.8036,0.84608066,1537.6665,2160,0.44263253,1005.85516,2160,0.5306451,2053.4443,2160,0.04181519,1635.0153,2160,0.05748436,2256.8843,2160,0.008685201,2046.106,1966.9502,0.010066003
person_20_0.jpg,20,0,patient,0.90810704,0.7427215,373.1712,1420.2025,2127.3298,1419.4598,1754.1587,710.4726,1250.2505,0.80919695,1375.8597,877.5954,0.88065517,1369.1582,796.7805,0.57444525,1280.3259,779.6235,0.9324816,1196.7424,886.60187,0.09714374,927.42004,860.7093,0.905233,1127.1533,1536.1519,0.72104335,471.86316,1429.4203,0.85419136,1097.4524,2160,0.15593961,170.1682,2160,0.37681085,1256.7799,2160,0.11094114,697.7464,2160,0.27717894,891.96405,2160,0.06617525,542.4534,2160,0.08959535,1140.9397,2160,0.022517532,1126.2267,2050.9353,0.029408872,1083.0608,2160,0.02040264,1427.7532,1735.2506,0.022549838
person_20_1.jpg,20,1,patient,0.854054,2415.4539,153.48311,3635.0225,2125.793,1219.5686,1972.3098,3025.2383,1139.6381,0.6183454,2536.9536,672.8882,0.868064,2622.5188,566.2159,0.9214493,2575.8542,582.946,0.5300611,2950.8635,598.5683,0.8867972,2781.7659,616.3218,0.11580551,3230.737,1233.8547,0.9320198,2815.055,1265.9005,0.68526983,3161.789,2095.3376,0.71943253,2620.2927,2146.0056,0.16025838,2734.6973,2139.8003,0.55207163,2600.545,2160,0.13912049,3192.325,2160,0.19773996,2944.743,2160,0.0945169,2728.7363,2160,0.04991898,2622.9138,2105.6125,0.02040413,2950.2102,2074.284,0.02414754,3101.449,1904.23,0.013435572
person_21_0.jpg,21,0,patient,0.88175654,0,380.8669,1383.5844,2121.9248,1383.5844,1741.0579,691.7922,1251.3959,0.7946803,1290.3273,1002.67725,0.9323238,1298.4612,916.39545,0.64481956,1223.1119,893.3523,0.96373785,1127.9669,938.67847,0.0916335,850.3828,886.11597,0.93526614,915.0814,1443.2277,0.80711865,429.8498,1406.1559,0.9173173,1018.2181,2144.8574,0.30180824,660.63513,2141.417,0.6254803,1176.9084,2145.8816,0.24592355,1282.5874,2142.1306,0.4998998,627.5326,2160,0.16806814,306.4235,2160,0.21528322,1182.7003,2160,0.041984588,859.53046,2149.6387,0.054992795,1373.3799,2160,0.028076649,1163.8,1954.5544,0.030866295
person_21_1.jpg,21,1,caregiver,0.8708126,1243.1844,122.365486,3772.9941,2160,2529.8096,2037.6345,2508.0894,1141.1827,1.2415423,2719.9844,672.147,0.91192573,2805.779,568.192,0.96194386,2743.3625,583.1197,0.4208014,3167.5835,578.7113,0.9561113,2977.478,599.1605,0.06471917,3305.3643,1115.6323,0.9792119,3176.4229,1140.2747,0.74719876,2459.4185,1734.8318,0.9563203,2485.379,1780.4529,0.25281155,1460.037,2050.4934,0.890552,1678.6008,2020.1499,0.28153458,3277.6428,2160,0.5735905,3149.38,2160,0.2630983,2327.7515,2160,0.15034303,2238.6982,2082.9722,0.03850606,2123.1265,2160,0.04685089,2086.4927,2071.1772,0.01883486
person_22_0.jpg,22,0,caregiver,0.9295194,771.9468,107.330124,3817.1792,2160,3045.2324,2052.67,2294.563,1133.665,1.4835471,2743.7605,678.68243,0.9283277,2832.059,567.2311,0.9678362,2760.776,584.98096,0.42816383,3205.4028,578.07367,0.9611448,2995.5437,609.9938,0.059697717,3346.875,1104.3594,0.9839833,3223.5112,1178.9584,0.7829478,2435.4526,1605.2764,0.97288907,2581.5798,1785.8124,0.32469523,1286.8763,1902.9486,0.93821,1713.9851,1979.0239,0.39378628,3306.8342,2160,0.5844985,3166.2812,2160,0.26490676,2355.0159,1916.167,0.1458408,2179.3733,1773.1945,0.03570634,2089.603,2160,0.044434667,1972.2577,1868.9663,0.017462939
person_22_1.jpg,22,1,patient,0.6520005,0.14099121,367.5437,1352.7767,2103.783,1352.6357,1736.2393,676.45886,1235.6633,0.77906066,1246.1187,882.6283,0.8831229,1236.4679,801.7277,0.48308262,1160.639,786.51416,0.9398458,1023.5311,876.2178,0.07621071,793.0625,859.12946,0.9295988,796.56165,1445.4739,0.77751917,445.26672,1419.5336,0.9003216,933.45013,2069.923,0.26647317,798.38776,2039.88,0.61569256,1282.4415,2027.5222,0.20304322,1385.9607,1990.0192,0.4659636,508.17923,2160,0.112001956,272.45447,2160,0.14828229,1331.0066,2149.4158,0.020032614,1069.9227,2009.7522,0.028547049,1527.3479,2107.4614,0.011194915,1283.7803,1747.1873,0.013128221
person_23_0.jpg,23,0,caregiver,0.769247,383.43405,96.31976,3839.383,2153.5454,3455.949,2057.2256,2111.4084,1124.9326,1.6799077,2742.9294,674.2814,0.9212558,2826.038,564.16656,0.9728147,2763.1287,565.55347,0.37817875,3214.6204,578.04553,0.9656826,3022.1516,577.9073,0.037946284,3381.7214,1173.5668,0.9778508,3324.4,1122.4463,0.6591098,2355.2917,1744.1768,0.96040696,2568.0117,1635.1992,0.2025457,1173.6724,1774.5712,0.91897285,1884.3744,1557.6417,0.29289198,3403.2554,2160,0.4975856,3320.8293,2160,0.18808404,2184.0884,1796.0908,0.15182686,2159.0222,1643.4298,0.034520745,1553.3073,2098.6206,0.05469942,1589.6193,1835.7192,0.020319909
person_23_1.jpg,23,1,patient,0.6396945,0,358.6189,2833.4104,2130.6802,2833.4104,1772.0613,1416.7052,1244.6495,1.5989348,1172.8065,854.2959,0.8890189,1103.8289,768.1542,0.41157815,1096.5397,762.7489,0.93448824,837.7274,842.97565,0.044588,729.01794,833.1532,0.9469012,705.69385,1398.4333,0.8334732,555.8762,1464.9382,0.906659,1689.4504,1748.802,0.35879552,1552.2747,1884.9095,0.63483167,1602.7662,1766.8619,0.27396387,1768.3478,1743.8398,0.5100462,473.24554,2160,0.17957416,389.2596,2160,0.20353556,1524.1586,2004.1,0.032344908,1483.2595,1996.0488,0.042537004,1785.0911,1963.1469,0.019275218,1846.3162,1804.8184,0.021140665
person_24_0.jpg,24,0,caregiver,0.82084787,1126.4506,87.44144,3840,2155.463,2713.5493,2068.0215,2483.2253,1121.4521,1.3121475,2847.8286,658.7803,0.9179026,2959.3516,548.1248,0.94785666,2855.6562,570.8799,0.505083,3350.2437,595.90857,0.92444825,3029.8042,628.8691,0.08308941,3528.5427,1190.7336,0.9580769,3127.3486,1190.1427,0.8456994,2468.6223,1583.7423,0.9237115,2233.1274,1479.685,0.48937678,1199.8928,1746.8593,0.871706,1253.171,1620.0963,0.5156617,3517.3923,2160,0.47989303,3206.6443,2160,0.32351267,2379.5498,2093.6638,0.105694324,2060.2444,1890.8568,0.04540956,2360.1653,2160,0.03379783,2150.9617,1963.692,0.019925773
person_24_1.jpg,24,1,patient,0.507803,1.4888762,376.60992,2526.2532,2142.2378,2524.7644,1765.6279,1263.871,1259.4238,1.4299527,1284.7839,952.19586,0.84176373,1245.0863,880.31934,0.36573637,1206.3132,840.03534,0.91355884,926.9397,953.0351,0.054425687,812.2445,888.6521,0.9195553,540.2972,1504.7478,0.72286844,666.4277,1395.4055,0.8341549,999.7652,1950.2343,0.25673527,1386.5146,1747.3455,0.54000264,1407.5038,1927.5074,0.22273892,1497.32,1670.7334,0.47380748,366.84006,2160,0.112407595,445.26825,2160,0.13977396,1610.5492,2097.684,0.029116213,1661.2438,1968.9225,0.041256845,1931.5367,2160,0.019516587,1887.9686,1995.6902,0.022351444
person_25_0.jpg,25,0,caregiver,0.8011252,995.3805,0,3840,2142.5476,2844.6196,2142.5476,2417.6902,1071.2738,1.327681,2929.169,410.9857,0.8885707,3054.5125,302.54904,0.92862105,2964.7441,318.34006,0.3724802,3491.414,399.30392,0.90457153,3191.8315,398.83426,0.048068553,3602.9797,1110.4087,0.9309186,3325.592,1027.5807,0.8028238,2413.327,1603.0679,0.898077,2335.9514,1359.5116,0.46667987,1167.0087,1547.0232,0.8663012,1333.0365,1429.2638,0.53101844,3546.4014,2160,0.3741696,3331.3503,2160,0.2599386,1958.3973,1814.5955,0.092927694,1838.244,1679.539,0.04249555,1839.4473,2134.4143,0.03065911,1867.8588,1971.3345,0.018484622
person_25_1.jpg,25,1,patient,0.6651313,0,336.12943,2468.0413,2160,2468.0413,1823.8706,1234.0206,1248.0647,1.3531888,919.35876,678.8169,0.8285076,853.50085,616.8754,0.30074883,795.10596,617.4993,0.8844807,627.8674,770.04865,0.03749031,423.77094,785.3542,0.91837645,397.67148,1358.6918,0.77794105,507.9366,1292.0173,0.9066495,971.5675,1787.6195,0.33881274,1431.5161,1507.7703,0.7295015,1224.9707,1702.279,0.28918004,1481.2224,1373.271,0.64430237,609.95416,2160,0.37646443,678.0821,2160,0.4771733,1688.1643,1807.1616,0.19656116,1807.9304,1844.1947,0.29512632,1937.0886,2160,0.14520818,2037.4644,2160,0.18514341
person_26_0.jpg,26,0,patient,0.81965804,0,319.7469,2439.2356,2155.003,2439.2356,1835.2561,1219.6178,1237.3749,1.3290982,974.96814,734.7207,0.73741436,879.4512,653.1498,0.20598605,847.45886,650.31714,0.8102839,648.30225,790.1929,0.022863567,460.60797,799.3319,0.88709927,695.93933,1433.6354,0.69546264,481.25848,1398.8158,0.79721904,1755.0421,1876.8026,0.26489764,1813.0364,1790.0348,0.55052197,1818.8497,1512.4913,0.25488883,1989.8698,1482.2014,0.5108497,634.93823,2160,0.11361608,496.4854,2160,0.13624945,1613.7988,1722.026,0.032491982,1429.8527,1568.5665,0.04627502,1692.9259,2001.4688,0.02243045,1531.5151,1689.4944,0.026729882
person_26_1.jpg,26,1,caregiver,0.81343025,557.671,0,3840,2146.7993,3282.329,2146.7993,2198.8354,1073.3997,1.5289408,2942.448,437.47647,0.89791965,3055.65,306.47037,0.9500986,2981.9958,337.27383,0.3370129,3528.2852,364.1027,0.9235,3255.1592,413.40796,0.028187871,3645.1042,1058.4073,0.9281496,3450.443,1047.8816,0.63997155,2484.7202,1423.5941,0.9082333,2354.0583,1271.7805,0.2590376,1275.0352,1318.7173,0.88434136,1307.5565,1231.252,0.40016717,3764.7415,2160,0.3139146,3569.369,2160,0.15338549,2721.3894,1804.9856,0.096732944,2502.8342,1760.5173,0.032005906,2753.0999,2105.9985,0.040050328,2475.2988,2013.131,0.020020276
person_27_0.jpg,27,0,patient,0.87181467,0,261.94986,2477.75,2138.1152,2477.75,1876.1654,1238.875,1200.0326,1.3206458,1016.3241,721.59827,0.83460194,939.83093,642.4189,0.2968304,917.858,643.50903,0.90705407,645.8578,747.69305,0.034549445,525.15906,762.7299,0.9367126,441.0313,1305.292,0.7517922,485.94067,1354.6672,0.8492975,1379.9873,1762.5626,0.26850927,1743.6492,1833.8822,0.5639111,2033.7784,1711.8097,0.22041744,2254.8608,1661.2861,0.45005393,397.83194,2160,0.1156227,409.07233,2160,0.13301563,1495.836,1655.753,0.029413283,1476.0598,1672.3832,0.03888014,1810.2404,1833.8492,0.022329777,1714.2754,1707.6781,0.024246603
person_27_1.jpg,27,1,patient,0.7614945,491.87952,3.6968992,3840,2160,3348.1206,2156.3032,2165.9397,1081.8484,1.5527133,2959.1606,454.8365,0.87979764,3078.8865,317.40085,0.9404626,2986.7937,356.52716,0.34569982,3571.0215,360.48315,0.898056,3237.6104,427.01395,0.029066533,3663.237,1017.8876,0.88800275,3399.6614,997.7661,0.58622134,2360.3245,1300.4424,0.8546306,2249.8933,1172.1385,0.22787961,1312.3573,1155.6571,0.82358265,1353.8793,1201.4377,0.3352201,3722.3132,2160,0.20035377,3458.4326,2160,0.09942266,2615.2974,1709.1824,0.04580027,2276.4478,1535.3823,0.015681267,2773.481,2020.5559,0.020678878,2365.4397,1667.6755,0.010791242
person_28_0.jpg,28,0,caregiver,0.8264618,976.0109,0,3839.0981,2146.8723,2863.0872,2146.8723,2407.5544,1073.4362,1.3336085,3029.9553,561.60645,0.9159291,3152.6638,412.95087,0.9426801,3011.2402,440.15967,0.5149641,3593.4785,425.58115,0.8933376,3201.564,473.28137,0.07197976,3683.6133,1133.9474,0.91387963,3535.8997,1071.8707,0.7956592,2782.7559,1809.5996,0.82763064,2689.7505,1560.3219,0.45893943,1514.3007,1560.5931,0.80988485,1548.0232,1503.1283,0.5548263,3689.0625,2160,0.22877222,3523.8254,2160,0.17379102,2660.7627,1752.3391,0.0511311,2568.549,1731.8751,0.030853182,2471.7922,1896.5066,0.0200015,2393.1008,1919.013,0.014498532
person_28_1.jpg,28,1,patient,0.65745443,0,250.53828,1503.7623,2133.5352,1503.7623,1882.9968,751.88116,1192.0367,0.79860055,1285.8938,891.1253,0.89241004,1249.3352,802.08234,0.4629188,1196.5413,780.04034,0.9498842,978.8072,832.9305,0.055404842,791.4597,801.96655,0.9483825,625.27295,1387.4137,0.75946254,642.1013,1268.0076,0.8622211,937.931,2037.4487,0.21204725,1309.9722,1764.3893,0.511208,1478.5281,2036.2062,0.15607741,1621.6704,1800.1766,0.38007236,369.7958,2160,0.07812485,363.766,2160,0.09644729,1341.6277,1917.4728,0.020094633,1344.3887,1750.7112,0.027336717,1566.3896,2037.9247,0.015114009,1484.1014,1676.2247,0.017019987
person_29_0.jpg,29,0,patient,0.76758516,4.64035,308.1405,3689.8625,2116.1355,3685.2222,1807.995,1847.2515,1212.138,2.0382922,1529.9054,948.0014,0.94657356,1526.9652,857.87366,0.62087226,1447.0054,811.5902,0.9645254,1239.2455,866.1774,0.08203262,1004.4909,785.90674,0.92564726,827.24274,1360.8357,0.8708271,773.85895,1333.6033,0.8654779,1857.9531,1809.4385,0.49645725,1809.9756,1872.9849,0.6143715,3016.5117,1334.1426,0.55719894,2657.2305,1281.8458,0.6507863,430.10855,2160,0.13194793,392.93735,2160,0.115882695,1801.5405,1946.1808,0.026238233,1877.3712,2020.3129,0.027671605,1992.9438,2039.642,0.011349916,2072.6409,2093.224,0.010063857
person_29_1.jpg,29,1,caregiver,0.5684804,1756.8298,3.0400083,3838.7522,2128.5903,2081.9224,2125.5503,2797.791,1065.8152,0.97947454,3198.7424,667.9519,0.87859464,3293.7478,485.4898,0.9007901,3181.7153,548.0274,0.5752903,3705.1157,387.9024,0.729412,3369.4321,528.7139,0.08844975,3736.2976,1118.3569,0.7130509,3524.738,1097.258,0.58781385,2690.9377,1887.3275,0.4327757,2765.9995,1736.0071,0.21185479,2824.2468,1344.0577,0.51311064,2903.428,1299.39,0.30186146,3674.5823,2160,0.090066254,3530.509,2160,0.070124984,2731.461,1787.4945,0.05225104,2767.8855,1691.7461,0.03335142,2731.6514,1954.2424,0.04082182,2652.7725,1700.1631,0.03087169
person_30_0.jpg,30,0,patient,0.8776901,45.37811,205.93321,3734.123,2127.964,3688.7449,1922.0309,1889.7506,1166.9486,1.9191912,1585.9961,883.32855,0.9328625,1558.1511,783.0824,0.48058975,1503.5339,747.1499,0.95759976,1241.4304,787.6499,0.050595254,1043.1359,731.97644,0.9369503,881.1047,1365.8821,0.87083995,791.9563,1309.9337,0.8881899,1880.6938,1867.3008,0.5171568,1931.997,1819.2584,0.72322696,3057.8716,1379.2015,0.6018674,3114.6323,1354.0219,0.75044036,571.17163,2160,0.15190965,483.24988,2160,0.14958578,1976.8793,2005.1508,0.024975002,1911.8566,2089.1267,0.029220998,2319.9104,2096.7305,0.009441257,2080.6313,2143.2424,0.00887531
person_30_1.jpg,30,1,patient,0.52393514,51.587902,224.39311,1893.8536,2160,1842.2657,1935.6069,972.72076,1192.1965,0.9517768,1560.6185,878.583,0.9239658,1573.7035,751.25775,0.13392836,1482.8094,741.5865,0.9757304,1104.9023,719.33356,0.008373559,1062.8086,739.7116,0.9932424,784.2345,1166.1515,0.8330939,872.52167,1340.6324,0.9613205,1388.0703,1843.5397,0.08329928,1515.0913,2137.965,0.74598384,1653.2302,1820.1754,0.09705818,1807.2704,1873.5742,0.5099066,574.4781,2160,0.08841175,614.7198,2160,0.17649403,1386.0096,1983.3502,0.008313775,1552.5565,2122.76,0.03005591,1359.6044,2160,0.005268484,1572.1593,2160,0.013710797
person_31_0.jpg,31,0,patient,0.87856305,0.49186704,133.91785,3732.739,2122.6533,3732.247,1988.7355,1866.6155,1128.2856,1.8766936,1293.8054,649.3533,0.82624805,1226.4999,568.3008,0.27121413,1179.3342,554.5535,0.86680937,926.83826,673.7416,0.034131587,780.25745,683.1312,0.85338527,788.4679,1343.946,0.76216584,706.3148,1239.5796,0.81025505,1903.3661,1803.6505,0.42169017,1919.4119,1612.7672,0.7046518,3100.9033,1164.6238,0.53354585,2977.1387,1139.7513,0.7400919,609.05524,2160,0.1342527,514.6471,2160,0.150074,1897.5941,1986.7651,0.021122485,1793.0453,1925.602,0.028648853,2256.081,2032.3784,0.008378595,1823.622,1854.7662,0.00890857
person_31_1.jpg,31,1,caregiver,0.61524975,1833.7122,10.789718,3837.3794,2123.1836,2003.6672,2112.3938,2835.546,1066.9867,0.94852924,3326.745,556.8214,0.7987046,3443.4646,383.852,0.86565286,3322.019,426.18082,0.43708748,3791.7437,340.13373,0.8047761,3497.7017,432.25638,0.07983214,3647.35,1065.1536,0.72885674,3705.9753,1059.9581,0.47844216,2682.781,1752.8088,0.4353291,2982.5151,1690.211,0.12186268,2781.106,1291.387,0.44146624,2895.924,1227.5422,0.1684896,3602.8882,2160,0.094251186,3600.937,2160,0.059680045,2746.7769,1794.2561,0.050970674,2752.5032,1764.91,0.026220351,2901.8337,1990.7019,0.040997744,2736.2947,1855.6827,0.025965333
person_32_0.jpg,32,0,patient,0.9235904,16.368942,35.550842,2736.7944,2155.7468,2720.4255,2120.196,1376.5817,1095.6488,1.283101,1427.2316,706.6438,0.48669764,1289.0181,607.67206,0.07991561,1371.2452,577.7783,0.6651354,642.83887,677.5312,0.1983335,1169.6975,671.7235,0.9872614,207.92157,1456.9583,0.8939003,1488.2719,1401.0131,0.96133435,444.2501,2160,0.14950529,2408.653,2055.8235,0.5561934,1395.8712,1781.5511,0.067581564,2564.4937,1951.5403,0.2456783,603.8897,2160,0.05586046,1549.982,2160,0.08722067,982.623,2142.799,0.011940032,2256.2917,1787.307,0.018326163,1037.3055,2160,0.006483138,2403.4058,1474.557,0.008311421
person_32_1.jpg,32,1,caregiver,0.9053875,2110.3184,57.572704,3683.744,2141.2607,1573.4255,2083.688,2897.0312,1099.4167,0.7551157,2681.2815,581.8349,0.95840347,2825.9531,485.606,0.9681562,2654.1099,480.19705,0.84394246,3131.041,583.2565,0.91572976,2662.112,555.2013,0.31121448,3423.7847,1225.0614,0.9720062,2395.5193,1212.4674,0.8673651,3347.0557,2037.9047,0.8464143,2144.6145,2023.5199,0.3406212,2725.8457,2086.872,0.71032596,2337.305,2099.447,0.27735972,3121.4092,2160,0.36935496,2438.3362,2160,0.20719221,2935.1897,2160,0.06097153,2064.4878,2160,0.026137292,3252.8792,2160,0.020037025,2692.9834,1977.4442,0.011311144
person_33_0.jpg,33,0,patient,0.9308654,316.6447,6.2026973,3833.435,2107.2788,3516.7903,2101.0762,2075.0398,1056.7407,1.6738043,1858.0548,698.03705,0.33290115,1731.2184,620.01086,0.042246312,1839.202,597.4056,0.33622932,1135.6,673.8329,0.18985176,1655.9877,671.60815,0.94370955,697.74396,1293.6378,0.9311232,1905.6724,1317.2239,0.95225763,600.8715,1070.7654,0.65821755,3232.6882,955.84436,0.81385994,885.882,955.9525,0.55266654,3840,571.81445,0.6869505,1132.3895,2160,0.24870789,1981.8547,2160,0.26813108,1389.7732,1642.8126,0.034559935,2605.4822,1287.5674,0.03414625,1748.7645,2020.4724,0.010554224,3187.0818,1291.1791,0.010087639
person_34_0.jpg,34,0,patient,0.9162302,665.511,2.3446653,3800.088,2155.501,3134.577,2153.1562,2232.7993,1078.9229,1.4558055,2335.6274,784.5204,0.42276937,2208.5823,642.3978,0.064558715,2282.3123,635.1198,0.64306694,1528.8296,673.58466,0.26681185,2094.172,703.2274,0.9926229,893.0813,1443.1395,0.8944813,2467.4155,1427.2546,0.96337163,860.5302,2160,0.1575801,3589.7126,2160,0.5356672,1396.7129,2160,0.053724885,3738.4622,2160,0.1913901,1356.8221,2160,0.08285919,2378.7803,2160,0.12560841,2120.3225,2160,0.018002063,2873.185,2021.3922,0.025643587,2649.3132,2160,0.011530668,3082.416,1829.6039,0.013522744
person_34_1.jpg,34,1,caregiver,0.8566294,2551.5063,18.504694,3840,1930.664,1288.4937,1912.1593,3195.7532,974.5843,0.6738422,3106.815,469.84814,0.96190834,3243.5137,369.52878,0.97406906,3053.6785,362.84854,0.8986931,3536.4624,484.87823,0.8745686,3033.3545,470.15714,0.33045802,3830.2935,1211.0233,0.90388155,2787.2656,1155.0114,0.8599918,3816.1555,2013.0477,0.32756317,2475.978,1877.5087,0.20144689,3527.7563,1949.9081,0.16915482,2913.5684,1833.8966,0.114699095,3572.8833,2160,0.15588874,2883.862,2160,0.13595223,3588.2634,2160,0.012036681,2711.1611,2160,0.009579778,3336.508,2160,0.00675565,2664.4016,2160,0.005732298
person_35_0.jpg,35,0,caregiver,0.9173661,2530.9043,11.574096,3840,2124.846,1309.0957,2113.272,3185.4521,1068.21,0.6194639,3104.0872,470.80283,0.9430516,3268.4448,362.28513,0.93622243,3045.4585,353.36768,0.9190488,3594.6375,482.1787,0.7533146,3014.0293,443.19235,0.590778,3840,1270.0002,0.81771946,2689.3677,1191.4585,0.8634546,3840,2160,0.21252486,2510.2446,2060.7297,0.2944305,3369.131,2160,0.12672108,2927.9934,2160,0.16034722,3550.4727,2160,0.108317256,2788.4016,2160,0.12443358,3472.542,2160,0.027212948,2722.4473,2160,0.031832278,3629.9224,2160,0.020711571,3489.3542,2145.187,0.023646712
person_35_1.jpg,35,1,patient,0.9047205,696.9193,7.787933,3106.4438,2146.5535,2409.5244,2138.7656,1901.6816,1077.1707,1.1265959,2286.372,734.0313,0.33574528,2171.5886,610.0316,0.06753889,2251.6895,594.7499,0.53675646,1499.6832,634.04,0.343803,2086.2666,667.4986,0.9835588,984.25385,1439.8479,0.8954747,2323.138,1509.1512,0.94095296,836.725,2160,0.10601613,2993.306,2160,0.26686454,1415.2319,1986.9863,0.03168103,2967.001,2160,0.071395814,1278.833,2160,0.043167442,2309.1108,2160,0.05296147,1508.3253,2160,0.011717886,3058.9915,2112.9595,0.013223618,1608.1361,2160,0.007786632,3495.2085,1633.7461,0.008212209
person_36_0.jpg,36,0,patient,0.9161271,247.44276,0,3835.2483,2116.6104,3587.8054,2116.6104,2041.3456,1058.3052,1.6950713,2010.2297,584.75836,0.4530624,1867.7594,500.2005,0.060731232,1989.854,455.26678,0.60513675,1108.6222,602.41296,0.19735444,1779.4324,566.20593,0.98052704,367.62506,1465.5596,0.8764082,2177.1387,1316.7333,0.9548192,422.55878,1917.5472,0.27798918,3363.132,1441.7247,0.735728,1098.1693,1380.309,0.19877672,3681.7817,927.3811,0.54962367,901.62384,2160,0.10894102,2065.7192,2160,0.16949338,1920.3616,1986.0625,0.015774935,2925.8728,1790.5995,0.025436252,2636.4343,2024.3773,0.007613003,3146.6892,1639.0823,0.009450167
person_36_1.jpg,36,1,caregiver,0.57600045,2712.31,9.289397,3675.4387,1009.96625,963.12866,1000.6769,3193.8745,509.6278,0.9624772,2979.0115,434.74512,0.92566645,3126.495,359.41174,0.95215166,2938.694,319.40927,0.8542984,3392.7607,536.162,0.7895745,2918.5132,436.60422,0.31167954,3573.901,1154.5844,0.58110386,2709.8564,1026.73,0.50352293,3647.1665,1438.7152,0.09502521,2579.8494,1286.8496,0.056142718,3352.407,1054.2579,0.098659724,3067.8489,1098.6622,0.064898014,3375.2378,1950.7113,0.018234342,2810.2883,1891.8003,0.016920984,3522.8228,1523.5267,0.006495237,2913.5305,1449.4905,0.005901337,3285.1606,1780.7034,0.012701631,2990.5889,1650.606,0.011812061
person_37_0.jpg,37,0,patient,0.8907188,318.47156,3.0244443,3833.4722,2160,3515.0005,2156.9756,2075.972,1081.5122,1.6295968,2027.9236,777.29126,0.28528488,1904.9086,638.7114,0.038590938,2002.3547,612.8361,0.42602664,1179.9476,689.8011,0.39372176,1897.8015,675.5994,0.99125266,547.33026,1507.4832,0.9254947,2369.9434,1443.5178,0.9703876,495.33368,2160,0.25365078,3583.518,1993.6747,0.65199196,1013.33594,2151.909,0.09783557,3768.136,1898.6521,0.29667908,1154.4336,2160,0.12705225,2315.8337,2160,0.18806958,1879.322,2160,0.02175054,2606.5278,2088.7837,0.031525552,2435.984,2160,0.010879278,2750.5305,1974.3644,0.012994766
person_37_1.jpg,37,1,caregiver,0.8218042,2363.9514,14.626464,3840,1706.5502,1476.0486,1691.9237,3101.9756,860.5883,0.87240845,2928.4163,520.32324,0.940596,3096.9695,408.9007,0.953033,2862.332,403.3271,0.90194714,3404.3179,522.84595,0.84025615,2816.3188,489.85403,0.50030625,3742.8696,1295.9225,0.85240984,2553.1787,1231.6108,0.77416474,3693.107,2014.7198,0.29255044,2543.1292,1855.1211,0.17309585,2800.972,1865.2513,0.19477111,3030.673,1720.1815,0.12245792,3445.114,2160,0.122151315,2698.8425,2160,0.09981263,3314.2783,2160,0.027718782,2614.2515,2160,0.022460222,3567.392,2160,0.017091393,3454.054,2160,0.015064091
person_38_0.jpg,38,0,caregiver,0.8977395,2218.0261,113.691895,3838.4746,2075.409,1620.4485,1961.717,3028.2505,1094.5504,0.8260358,2776.2517,663.76794,0.9602506,2926.1306,565.5498,0.95917845,2695.5574,554.9192,0.9189314,3178.266,671.97046,0.8314913,2623.418,636.99493,0.5208727,3554.2078,1285.7562,0.92179704,2380.489,1274.7413,0.83202475,3829.5374,1931.1141,0.55558133,2363.1934,1943.6764,0.3204842,3539.2422,1867.6761,0.45232505,2771.5652,1750.5116,0.28226703,3350.6357,2160,0.22856307,2584.7163,2160,0.17515963,3372.6228,2160,0.05521521,2452.0017,2160,0.039583206,3588.0938,2160,0.026259243,3102.4944,2160,0.021152139
person_38_1.jpg,38,1,patient,0.84636,679.8406,7.9705806,3488.1262,2159.826,2808.2856,2151.8555,2083.9834,1083.8982,1.3050531,2204.4143,864.8833,0.1681011,2068.0056,712.001,0.02697134,2182.9983,699.92303,0.2990665,1308.528,754.9409,0.40430048,2124.7078,782.7665,0.9885099,755.642,1590.5646,0.8669139,2578.1794,1659.3383,0.9485755,782.7271,2160,0.09895903,3414.3157,2160,0.35658342,1365.6083,2143.1921,0.03210798,3249.899,2100.0046,0.108397365,1388.1572,2160,0.05138564,2682.0962,2160,0.07923749,1719.6287,2160,0.017174661,2995.0884,2072.1536,0.023932308,2006.7617,2160,0.012806475,3241.7188,1880.1666,0.01535517
person_39_0.jpg,39,0,patient,0.8969327,760.85925,26.582792,3178.7688,2146.848,2417.9097,2120.2651,1969.814,1086.7153,1.1403809,2145.545,860.1538,0.12277809,2011.261,716.26324,0.024108231,2136.9258,698.7938,0.20663875,1322.6187,785.161,0.3603644,2176.5383,786.51105,0.97855985,885.8415,1621.0509,0.7849323,2589.119,1598.1556,0.92074573,919.44617,2160,0.08155084,3292.0408,2160,0.34217528,1383.1022,2051.7388,0.03111285,3029.9414,1999.447,0.12145609,1386.5142,2160,0.043089688,2602.0112,2160,0.073364824,1747.4894,2130.2327,0.017813087,2866.874,1849.8971,0.02876541,2000.5056,2160,0.015678525,2938.6057,1788.8079,0.021005869
person_39_1.jpg,39,1,caregiver,0.86828977,2410.4514,191.35939,3839.0024,2094.4924,1428.551,1903.133,3124.727,1142.9259,0.7506312,2985.2407,699.23456,0.95971775,3121.2395,602.60144,0.9645922,2911.5059,598.67084,0.9123266,3369.3325,684.2878,0.865726,2841.8477,671.3191,0.48786545,3673.6692,1294.9664,0.9345459,2642.3496,1262.1432,0.84375155,3785.1245,1898.9176,0.6626137,2525.2942,1794.5378,0.35581416,3159.9565,1922.532,0.54502046,2892.5286,1864.8184,0.30613363,3444.052,2160,0.309514,2764.9033,2160,0.21958742,3436.1753,2160,0.052701026,2599.4512,2160,0.0336574,3555.835,2160,0.019678056,3014.5762,2160,0.014499962
person_4_0.jpg,4,0,caregiver,0.8070271,928.83575,9.621505,1281.6558,901.6739,352.82,892.05237,1105.2457,455.6477,0.3955149,1026.7422,115.62354,0.6772006,1035.8907,91.034195,0.7518565,1024.733,93.214294,0.21369806,1091.8014,70.23262,0.8116734,1056.2722,79.75004,0.057568967,1188.9226,163.10611,0.9762607,1094.1786,166.27623,0.9023631,1215.1287,360.58484,0.9706044,1100.8782,353.46735,0.64226365,1052.7515,350.1576,0.94290113,996.10034,351.94574,0.6434684,1178.0203,539.74725,0.9707898,1121.0541,532.63446,0.93733394,1152.7742,822.5611,0.8570555,1127.5625,816.9433,0.6935835,1173.4465,1030.7405,0.5422868,1156.1925,1014.2099,0.36835185
person_4_1.jpg,4,1,patient,0.7156179,265.3335,246.34001,838.8643,825.43506,573.5308,579.09503,552.0989,535.8875,0.99039155,722.94543,359.98563,0.9168401,718.88184,340.4722,0.695086,698.90656,344.99524,0.9320584,707.1837,362.60117,0.19431144,625.5917,370.71994,0.88257456,719.41656,491.96432,0.962883,534.341,509.27637,0.98990345,759.8769,640.0737,0.8006734,420.2155,684.6382,0.9697294,799.83167,724.84174,0.707577,379.0505,786.0969,0.9176381,693.9699,807.1131,0.85482097,565.83624,821.4253,0.9214103,770.58765,900.44934,0.21803805,555.5321,921.75037,0.3576857,743.1531,1010.5436,0.059908748,471.12192,1048.9697,0.09776947
person_5_0.jpg,5,0,caregiver,0.83904684,915.97174,265.57672,1338.7609,1060.5563,422.78912,794.97955,1127.3663,663.0665,0.5318239,962.06036,444.03452,0.45328045,967.5474,417.23956,0.548155,984.0426,414.72592,0.063886344,1024.3687,409.4933,0.93162596,1127.727,396.9851,0.13200188,1059.7399,556.1022,0.9833039,1245.1246,521.7745,0.92614996,1018.7324,796.1646,0.93102324,1265.0475,748.62634,0.44004542,971.1316,862.1652,0.75856006,1141.6847,837.5811,0.28368402,1156.5641,993.4295,0.87745625,1287.5072,968.9032,0.7749203,1015.62463,1080,0.38371515,1184.6893,1080,0.19881001,1063.3339,1080,0.11383286,1228.7697,1080,0.063337356
person_5_1.jpg,5,1,patient,0.7376821,560.5175,362.66153,925.9469,982.63806,365.42938,619.97656,743.2322,672.6498,0.5894245,790.3182,495.762,0.94457304,794.2132,474.2611,0.7749263,764.5525,475.26007,0.95467025,792.24194,484.02127,0.26345533,695.81366,482.8929,0.9244096,813.972,592.4328,0.9677452,627.9821,611.5341,0.98995566,886.712,728.4043,0.7218752,626.1553,816.1736,0.95205474,875.11115,749.2307,0.6280205,687.3849,905.9982,0.8814486,802.6796,891.74713,0.81858015,675.79974,904.5572,0.8965257,823.6245,996.4891,0.2448307,665.36456,1012.2437,0.40070283,806.46124,1080,0.07417229,648.44763,1080,0.12337041
person_6_0.jpg,6,0,caregiver,0.83336574,949.08105,275.41537,1381.3557,1061.8784,432.27466,786.463,1165.2184,668.6469,0.549644,1037.2571,484.85748,0.34425676,1042.3715,454.8132,0.40144804,1052.8217,453.71564,0.05106154,1093.5853,427.6195,0.89332354,1176.6902,420.94016,0.13636786,1123.2487,554.2209,0.9776397,1283.7808,525.9686,0.93365675,1086.2255,795.0312,0.9416547,1340.7991,747.43475,0.6324744,1074.7574,849.9212,0.822358,1227.4579,823.8121,0.46225002,1189.9701,985.6257,0.8716475,1303.7957,966.92487,0.79250693,1070.8092,1043.8455,0.38571733,1224.1373,1028.3174,0.22527376,1108.3505,1080,0.10864562,1244.4204,1080,0.06599271
person_6_1.jpg,6,1,patient,0.7020613,499.23337,374.43567,991.8664,1071.4152,492.63303,696.9795,745.54987,722.9254,0.70681137,831.62634,523.47107,0.96706384,844.38934,500.61804,0.864946,805.2628,500.17322,0.9706013,851.62646,513.0645,0.37408262,737.48267,508.77112,0.9355433,848.2916,627.5555,0.9834384,663.2208,628.68915,0.99618316,868.3755,798.94086,0.86268425,650.76227,812.3159,0.9834126,819.26385,912.86115,0.81565654,746.7439,923.16394,0.95697224,825.5454,897.5436,0.9370161,681.66925,903.2551,0.9700938,911.17236,988.2769,0.562821,624.8698,995.65356,0.73773944,933.6757,1061.5432,0.27651274,571.1864,1078.7118,0.4139734
person_7_0.jpg,7,0,caregiver,0.8865702,928.91187,325.9541,1359.1449,1079.1395,430.23303,753.1854,1144.0283,702.5468,0.57121795,1011.99963,519.2016,0.27095622,1017.70026,491.75156,0.2949242,1024.9879,490.7406,0.044665784,1057.0789,471.79175,0.8459327,1163.1278,468.12924,0.15763384,1082.7655,609.7787,0.9627001,1285.3351,586.7806,0.92639637,1016.40216,878.744,0.8899983,1277.1298,840.08374,0.6093169,993.1491,834.97705,0.6991775,1104.7849,831.91986,0.4030825,1169.772,1045.6099,0.79037786,1318.706,1029.2725,0.71918505,1064.266,1080,0.24728376,1260.9805,1080,0.15521592,1083.4546,1080,0.058838695,1260.3063,1080,0.04066524
person_7_1.jpg,7,1,patient,0.78997475,507.6117,473.46722,981.83,1070.2562,474.21832,596.789,744.7208,771.8617,0.7946164,891.4809,636.7556,0.93995774,902.9914,615.47076,0.73392844,869.90717,612.0536,0.95703274,903.9569,615.21326,0.1885067,800.75275,602.80536,0.9308442,877.39526,696.13763,0.9597863,701.71027,695.94275,0.9923837,915.37415,826.13873,0.72832197,668.3477,867.7485,0.9757735,894.58887,851.3073,0.6821625,761.20074,940.388,0.9377025,824.3204,953.44775,0.8702197,688.29346,959.4734,0.94133806,903.8445,1043.7122,0.38279447,632.25385,1052.5012,0.6112404,935.3075,1080,0.15594074,581.7343,1080,0.277706
person_0_0.jpg,0,0,patient,0.78993803,867.9735,292.05978,1334.7395,1039.2024,466.766,747.1426,1101.3564,665.6311,0.6247348,950.4698,493.71503,0.7928182,959.43555,463.89847,0.859882,960.41846,464.78665,0.19699207,1030.8207,440.69925,0.95582104,1070.171,438.09943,0.10129389,1115.4548,573.72974,0.9880595,1182.953,539.8734,0.9436651,1103.3948,817.5954,0.95041436,1144.535,745.19434,0.48709598,977.84357,896.40674,0.8494624,984.2738,833.65936,0.39461678,1185.509,962.72504,0.8942482,1239.1892,932.2385,0.7984845,947.97424,1025.2963,0.5309867,1041.4832,996.63904,0.28328592,954.1613,1080,0.21557558,1060.4388,1080,0.11373547
person_1_0.jpg,1,0,patient,0.80999124,935.738,294.81808,1406.5007,1028.2751,470.76276,733.45703,1171.1194,661.54663,0.64184093,1025.8594,498.51447,0.9058838,1037.457,465.7134,0.934775,1027.1489,468.94772,0.3485014,1114.608,437.25256,0.9530164,1106.1775,442.20816,0.079839766,1203.4077,561.7148,0.9905636,1223.8677,537.65015,0.9558288,1183.9592,810.65076,0.9766381,1205.1653,752.77826,0.64157706,1042.6963,887.8984,0.9468568,1049.9775,841.9148,0.6366631,1263.5565,958.2038,0.9312346,1277.5155,929.54205,0.86097395,991.5822,1008.65356,0.7083242,1010.5725,980.1635,0.43905783,1036.4686,1080,0.356922,1030.394,1080,0.1952096
person_2_0.jpg,2,0,patient,0.830944,985.2197,296.09204,1440.8695,966.2523,455.64978,670.1603,1213.0447,631.1722,0.6799117,1071.2065,494.66553,0.85898674,1080.92,464.55698,0.9013016,1075.1248,467.5282,0.32466018,1154.6608,434.48987,0.94430834,1162.6318,439.2062,0.11103761,1248.0382,555.474,0.9846361,1264.2056,533.12354,0.93337035,1262.589,792.2596,0.94006217,1231.9495,735.7293,0.48779282,1160.057,908.0448,0.8413143,1115.9137,852.0089,0.4118992,1306.2129,944.63257,0.84732735,1326.6321,920.97845,0.7289807,1119.9011,1035.4954,0.38400757,1169.6595,1011.82794,0.19253257,1122.4371,1080,0.12177989,1185.9962,1080,0.0649108
person_3_0.jpg,3,0,caregiver,0.85663635,0,20.529898,313.96796,1076.1935,313.96796,1055.6636,156.98398,548.3617,0.2974129,134.36021,16.873426,0.15653771,150.0816,0,0.1469441,123.50249,0,0.06532365,172.70627,11.398658,0.2031813,87.50177,0,0.040667772,238.96378,129.98314,0.7783712,0,118.20991,0.5182844,269.71237,338.52155,0.8631221,0,335.50687,0.46098968,179.05698,398.34668,0.8043982,43.745323,424.6146,0.46461,184.37793,545.2826,0.9217045,26.25462,540.5372,0.8587824,169.91176,890.70734,0.7263788,38.398525,887.4917,0.5633434,146.14694,1080,0.3643825,50.755333,1080,0.25379428
person_3_1.jpg,3,1,patient,0.77816284,965.1768,327.36728,1489.6176,1015.47736,524.44073,688.1101,1227.3972,671.4223,0.76214653,1103.7286,533.64166,0.864316,1107.8035,498.59268,0.88416785,1101.5602,503.7679,0.28795663,1174.1344,462.0602,0.9010241,1187.9758,469.10645,0.087474585,1270.2828,569.80725,0.9794241,1322.9131,544.72797,0.94583315,1244.1866,836.26166,0.9535566,1296.573,779.00464,0.65465593,1082.4948,911.92444,0.9100455,1098.6135,860.2529,0.6381719,1373.7747,938.2495,0.8389728,1403.4823,910.59235,0.75718933,1093.3987,996.39343,0.45835403,1141.0585,970.5333,0.26193136,1077.3755,1080,0.17265809,1089.8855,1080,0.10213232
person_4_0.jpg,4,0,caregiver,0.90527827,0,14.857463,287.7098,1077.5864,287.7098,1062.729,143.8549,546.2219,0.27072734,193.79106,45.981556,0.57371217,196.03682,22.628172,0.30472893,168.91602,15.741691,0.50392705,177.87375,48.319412,0.1196433,72.49269,25.029486,0.40955806,194.50584,213.92966,0.84891003,0,205.7532,0.7705437,243.63109,432.6925,0.7308377,0,469.7322,0.5626039,209.15793,473.09814,0.64768624,26.943195,547.69727,0.49429578,168.943,711.35944,0.807148,19.050005,715.9058,0.7512822,142.02898,1069.1716,0.29931033,45.94298,1080,0.23826647,119.56658,1080,0.07318959,36.00032,1080,0.060181946
person_4_1.jpg,4,1,patient,0.6818025,1003.80963,396.8734,1527.4954,1053.0369,523.6857,656.16345,1265.6525,724.95514,0.79810256,1148.1611,614.5492,0.88219845,1152.0161,579.2407,0.89778054,1145.6478,584.35474,0.3452161,1211.9973,532.0198,0.9209246,1227.042,541.5105,0.12203765,1300.5249,634.8067,0.98590416,1351.719,616.9471,0.95642126,1305.9377,889.3353,0.95779,1322.0981,843.5926,0.6578751,1186.1606,994.8002,0.9031116,1141.863,951.69403,0.6054855,1397.7719,1032.0223,0.8578322,1433.4962,1011.67596,0.77007866,1196.3048,1031.1104,0.43410647,1234.103,1010.8512,0.24205169,1223.0308,1080,0.15177089,1219.3015,1076.1289,0.08760661
person_5_0.jpg,5,0,caregiver,0.89540267,15.086173,2.4768445,521.805,1066.6202,506.7188,1064.1434,268.4456,534.5485,0.47617528,461.7846,67.52655,0.6827419,467.73026,30.046919,0.19370362,448.10757,27.731007,0.7446169,367.39764,9.983911,0.13307193,355.65384,16.004562,0.84949744,244.67525,168.55956,0.84005487,258.90427,203.91946,0.97501755,202.05486,493.9509,0.5659483,172.81747,556.88403,0.95268106,391.32123,581.30707,0.52849853,427.75296,631.1707,0.89303875,237.80453,828.8035,0.7544419,236.41513,867.93475,0.8852742,315.17554,1080,0.18336657,373.23526,1080,0.35119706,225.30754,1080,0.039613426,320.82355,1080,0.06217456
person_5_1.jpg,5,1,patient,0.8424063,799.3286,408.17355,1452.2891,1066.071,652.96045,657.89746,1125.8088,737.1223,0.9924958,1073.0143,616.3915,0.887063,1079.2255,579.4425,0.90795696,1068.574,587.91406,0.35077986,1151.0283,541.6454,0.91846967,1142.0916,561.4243,0.0968183,1244.943,657.6845,0.98327506,1269.4125,651.6444,0.950814,1211.3746,911.8907,0.9614221,1211.5477,876.24536,0.6820541,1028.364,983.1442,0.9257933,974.91925,955.3285,0.6754379,1311.1593,1046.6431,0.8584436,1322.4348,1026.2775,0.7716018,1049.433,996.71063,0.48077348,1049.3168,979.3075,0.26515788,1028.3844,1080,0.20562515,969.137,1051.554,0.11650938
person_6_0.jpg,6,0,caregiver,0.91987556,281.97418,0,868.12506,1072.3584,586.1509,1072.3584,575.0496,536.1792,0.5465998,803.53735,111.295044,0.4072717,790.6183,69.59581,0.09014475,804.35425,71.79474,0.39841148,637.0857,42.918488,0.24089009,763.51953,58.271595,0.83465004,467.6144,204.85083,0.9209206,756.84717,240.99036,0.97502494,352.56088,500.05963,0.74043417,769.65656,531.07117,0.932816,425.72336,686.11115,0.58864,746.40356,677.71356,0.8234832,466.35483,837.0298,0.86993694,646.94617,856.2454,0.91890633,505.89453,1080,0.33079636,701.6389,1080,0.44270137,527.48566,1080,0.0761897,692.51184,1080,0.095807076
person_6_1.jpg,6,1,patient,0.8026233,946.04456,414.88104,1420.6108,1068.901,474.56628,654.01996,1183.3276,741.891,0.72561437,1038.5208,613.0229,0.87579024,1048.8729,580.3129,0.9080436,1037.3402,583.4929,0.35670698,1120.7546,547.66846,0.93251234,1115.0667,554.3868,0.10948998,1210.9259,665.5887,0.97919804,1239.161,645.74884,0.9262062,1204.7424,899.1318,0.9316434,1222.1343,847.92303,0.5159945,1064.3433,981.84283,0.8553641,1061.4789,943.9319,0.48411116,1290.4843,1049.0499,0.7874765,1309.6115,1025.4827,0.661225,1112.0494,1028.2816,0.38103104,1117.9275,1003.07184,0.20266032,1147.0906,1080,0.15817216,1112.4878,1080,0.09049234
person_7_0.jpg,7,0,caregiver,0.8697798,644.0871,285.46582,1170.1559,1078.7152,526.0688,793.2494,907.12146,682.0905,0.6631821,874.69916,484.10413,0.860849,891.41907,458.6878,0.8977052,877.115,458.5045,0.45935726,966.8639,440.64163,0.8522898,898.35,442.77914,0.08097401,1078.0558,567.6108,0.9840714,893.51074,538.37067,0.9541967,1130.5087,800.2111,0.9865772,820.3092,678.6362,0.8720195,1022.3141,979.1155,0.97554195,736.9472,764.5178,0.8651551,1025.6031,985.1428,0.95761764,912.7935,963.94165,0.9266912,991.82025,1080,0.60561824,903.7292,1080,0.4099629,1016.9469,1080,0.16761866,958.9455,1080,0.10189563
person_7_1.jpg,7,1,patient,0.85732746,199.80823,602.59296,716.02325,1079.6229,516.215,477.02997,457.91574,841.1079,1.0821438,540.927,716.46533,0.913399,536.0979,690.8303,0.7509569,504.50372,700.28845,0.926807,526.3467,721.4688,0.24657634,415.58182,741.4795,0.85564905,583.34955,892.0003,0.90049213,324.2893,920.56726,0.9337368,674.04095,1051.6752,0.41932034,242.18321,1080,0.6308727,660.7543,1080,0.29238716,314.39105,1080,0.43913618,573.2787,1080,0.29027483,405.57574,1080,0.332532,636.6414,1080,0.040787876,418.06128,1080,0.053569406,548.79156,1080,0.020575345,391.34866,1080,0.025975853
person_8_0.jpg,8,0,patient,0.87135446,226.27246,500.78375,905.9791,1080,679.70667,579.21625,566.1258,790.39185,1.1734937,593.69653,625.77765,0.9526968,592.88196,603.7516,0.80788475,564.2986,607.01544,0.9544089,584.04254,636.2885,0.26493084,480.74362,639.5537,0.8940304,613.33716,788.6564,0.97737026,372.67642,806.2822,0.98664856,717.9814,948.6894,0.86080927,310.55624,999.8031,0.94116914,817.5059,1053.1608,0.7736745,399.5923,1066.9297,0.87156403,606.9574,1080,0.80419654,440.30734,1080,0.84723496,757.11896,1072.7854,0.18191254,492.2422,1080,0.24628624,728.6658,1080,0.05307445,427.6811,1080,0.07014218
person_8_1.jpg,8,1,caregiver,0.8340143,700.469,191.25331,1223.5381,1076.624,523.0691,885.3707,962.00354,633.93866,0.59079105,980.2519,395.37137,0.8262737,997.9022,372.78943,0.8407122,981.43494,369.83514,0.4654506,1063.9541,359.93475,0.76070786,994.9882,355.1803,0.11005515,1146.2678,476.2708,0.97962,973.22797,453.992,0.96087706,1165.4998,672.3046,0.9777992,865.88983,620.32776,0.88228834,1039.1434,673.9052,0.9635235,782.1141,668.59186,0.86261994,1081.3202,885.80457,0.9628453,977.9065,866.5775,0.94454163,1043.29,1080,0.64381576,980.2918,1080,0.4901323,1037.0159,1080,0.20422229,1021.3642,1080,0.1420727
person_9_0.jpg,9,0,caregiver,0.86092484,734.6613,201.73277,1243.8087,1071.3212,509.1474,869.5884,989.235,636.527,0.58550394,947.72833,438.10248,0.8617018,959.71045,410.16144,0.90631235,946.373,411.1005,0.39849728,1031.3287,376.7821,0.8902358,975.2101,380.7273,0.06256366,1143.361,485.49554,0.9855269,991.5124,459.18054,0.95054364,1144.3804,745.1564,0.9879825,928.6047,646.35895,0.84106326,993.9222,857.16266,0.97689533,844.20435,718.10645,0.8380736,1127.9104,893.4645,0.96033347,1026.3031,872.4142,0.9242598,1090.7982,1080,0.6831435,943.0643,1080,0.45465422,1124.799,1080,0.2115959,937.40656,1080,0.11811423
person_9_1.jpg,9,1,patient,0.7979884,266.3825,472.14316,945.68085,1078.4983,679.29834,606.3551,606.0317,775.32074,1.1202979,619.1088,615.52686,0.9765063,625.1849,589.2482,0.9019108,583.9871,595.26807,0.9811877,627.029,610.43665,0.37546578,502.24277,623.00714,0.94650304,659.4136,750.0525,0.98446226,428.8038,775.68097,0.99513,744.6916,904.9643,0.8589877,367.52795,960.62494,0.9753308,802.4281,1001.9622,0.78497624,368.38174,1048.2388,0.9349103,662.71063,1034.82,0.8792239,501.4641,1054.7782,0.93062246,843.3564,1054.3335,0.29016775,557.9116,1076.564,0.4467046,859.1679,1080,0.10130668,524.70575,1080,0.16016653
person_10_0.jpg,10,0,caregiver,0.86884475,730.84235,206.12158,1233.9873,1080,503.14496,873.8784,982.4148,643.0608,0.57576084,919.0081,423.6459,0.88013387,936.1022,395.2594,0.9104427,909.5174,398.48428,0.5149285,1005.2798,371.19836,0.8670829,917.25354,380.4461,0.09796414,1107.0608,483.48694,0.9886248,916.4916,471.65723,0.9711416,1100.4537,729.19104,0.9880862,836.9166,658.61993,0.88811433,970.08826,866.5651,0.977566,777.0086,747.49097,0.87366134,1107.366,848.0455,0.9785969,977.6055,836.7566,0.96353436,1081.5662,1011.49994,0.8547549,894.1555,999.66895,0.7163349,1095.3091,1080,0.522294,878.77026,1080,0.37102222
person_10_1.jpg,10,1,patient,0.8180302,255.12914,467.33932,922.5015,1080,667.3724,612.66064,588.8153,773.6697,1.0893018,550.62274,651.2998,0.9858845,577.782,622.05994,0.97414136,521.806,624.73364,0.9774298,622.203,609.41583,0.7975556,479.93555,618.619,0.84329486,670.6212,707.63385,0.9952686,431.4295,733.75543,0.99798155,747.87274,843.6415,0.9697201,354.53098,915.9671,0.9871273,715.3752,879.03406,0.94622785,301.41483,1039.1359,0.96817213,657.8733,1001.16907,0.97424716,491.36453,1014.38055,0.98316836,782.6344,1063.9146,0.7202267,480.24518,1072.2887,0.77883804,840.15283,1080,0.37842986,484.22513,1080,0.43604466
person_11_0.jpg,11,0,patient,0.7950869,327.37234,453.37146,814.9002,1070.235,487.52786,616.8635,571.1363,761.8032,0.79033345,638.359,622.94135,0.9694282,663.2313,598.9819,0.88304317,610.61414,595.00085,0.9694271,689.8044,612.0009,0.39388087,548.09393,599.88806,0.9199848,689.43365,730.61975,0.97677803,459.82843,718.87683,0.994959,692.52124,902.55975,0.76391006,381.04785,896.6791,0.97102314,619.5341,851.3917,0.7015182,503.74304,882.0381,0.9276691,650.6964,1012.7573,0.8384509,491.7431,1013.43976,0.91913307,735.3358,979.80237,0.3231638,515.0112,978.21405,0.5188884,708.58344,1080,0.13161153,519.3397,1080,0.2237669
person_11_1.jpg,11,1,caregiver,0.7351732,590.0738,335.2994,1272.428,1075.5688,682.3542,740.2694,931.25085,705.43414,0.9217647,977.3524,589.85406,0.91259754,1003.1575,561.2276,0.93000096,960.15216,555.3257,0.71118367,1064.0256,523.3374,0.8331964,934.407,506.10223,0.1869691,1163.73,607.81433,0.9838849,859.66675,555.1342,0.97543955,1174.4417,835.5621,0.9773997,674.6007,687.3029,0.9116529,966.78217,934.6916,0.9558426,636.2311,773.2824,0.87494934,1122.3633,959.1137,0.9381351,917.071,930.55774,0.91785586,1095.1556,1075.17,0.5090699,796.2608,1043.6466,0.36416256,1077.4674,1080,0.13740405,806.63574,1080,0.09293884
person_12_0.jpg,12,0,caregiver,0.8922087,973.71375,132.26125,1448.4613,1072.8053,474.74756,940.54407,1211.0875,602.53326,0.5047584,1184.01,270.88257,0.09195858,1181.8378,248.97594,0.08781338,1200.2913,247.90945,0.030326694,1168.9307,263.98108,0.82477766,1291.6053,265.1311,0.42689484,1121.3242,410.35605,0.98510146,1345.4254,413.30222,0.9802116,1050.4999,602.16956,0.9523193,1401.3683,605.35205,0.8916927,1026.6494,698.1596,0.79920805,1368.6937,699.85516,0.6525842,1129.0168,835.1995,0.9740639,1271.5106,834.8048,0.9694825,1119.3455,1080,0.64178777,1253.9065,1080,0.5613447,1150.0326,1080,0.2169044,1244.8672,1080,0.18048275
person_12_1.jpg,12,1,patient,0.65508497,357.06186,477.85855,859.5314,1080,502.4695,602.1415,608.29663,778.92926,0.83447087,713.4854,625.1987,0.9292463,717.7173,600.72107,0.7051474,687.5894,602.2604,0.9419409,710.38855,617.68317,0.18814155,603.87573,615.46747,0.9108463,707.3042,742.7424,0.9691396,477.7422,750.1842,0.98801875,764.551,906.8295,0.83670586,419.38028,938.8056,0.9596298,795.4497,991.01605,0.78192425,584.57605,1002.39984,0.9128604,674.48096,1018.0905,0.8456073,510.986,1034.8933,0.89752805,851.7496,1050.379,0.27086344,595.88745,1072.7677,0.3968323,839.56464,1080,0.091662794,588.54083,1080,0.13775116
person_13_0.jpg,13,0,caregiver,0.8868246,1177.8145,178.14719,1555.1,1072.6515,377.28552,894.5043,1366.4573,625.39935,0.4217817,1238.3357,327.26553,0.6386378,1246.4989,302.376,0.7177073,1255.9055,300.29443,0.15310025,1301.394,300.90396,0.9206953,1380.6191,293.5148,0.15571246,1342.3387,443.41675,0.98235,1461.8672,419.43356,0.9250501,1333.5616,668.90393,0.94975317,1477.9662,628.95215,0.5328313,1232.5728,736.162,0.8499779,1316.1261,714.39636,0.41721505,1343.8936,843.9371,0.9146131,1425.3119,822.83325,0.83069164,1255.5962,1075.2595,0.61553514,1325.7479,1059.9542,0.38347614,1300.4674,1080,0.23039752,1337.0804,1080,0.13230771
person_13_1.jpg,13,1,patient,0.76976395,334.21838,468.09113,953.95013,1080,619.73175,611.9089,644.0842,774.04553,1.0127844,678.2885,611.73773,0.9746025,681.22644,590.40753,0.86733365,652.59357,588.6594,0.97859466,670.9189,611.1768,0.29084593,566.27435,600.60913,0.9481274,665.2172,744.3459,0.9852227,460.1104,745.68463,0.9940489,724.4942,896.48193,0.87909526,394.07538,926.557,0.96881986,811.57465,1022.45874,0.8182688,400.85495,1052.1023,0.92754716,658.4882,1021.6093,0.9020649,512.3208,1037.7861,0.93535256,866.1389,1069.8097,0.38208815,631.7748,1080,0.51239806,900.3909,1080,0.14844325,600.66266,1080,0.20524067
person_14_0.jpg,14,0,caregiver,0.86660004,773.8073,226.01416,1313.716,1066.867,539.9086,840.8528,1043.7616,646.44055,0.6420965,936.28015,471.96518,0.7535642,938.45355,442.3746,0.82351804,932.5279,450.0742,0.19557765,997.0796,396.92526,0.8588746,976.89417,412.89868,0.03795421,1108.3983,476.7043,0.98221886,1030.0162,454.71106,0.94245684,1126.3322,719.4056,0.9894231,948.8932,585.7905,0.84622085,999.06525,952.505,0.97945964,859.2771,662.38354,0.85112476,1207.0714,861.8386,0.9691849,1146.1914,848.47455,0.94346845,1086.9664,1065.62,0.7548431,977.58514,1054.0015,0.5318739,1161.0171,1080,0.30790836,982.2814,1080,0.17719835
person_14_1.jpg,14,1,patient,0.8632308,258.38898,480.53528,895.7858,1070.4082,637.39685,589.8729,577.0874,775.47174,1.0805664,737.72046,666.9128,0.9312823,749.264,645.14716,0.77913344,720.89154,638.4086,0.93437874,749.48505,641.1977,0.2431722,645.96924,617.4191,0.825639,728.38745,735.27826,0.9738992,499.13187,708.84015,0.99001426,777.72656,903.8462,0.9216409,341.5695,868.20166,0.9786785,861.16364,995.05597,0.8797282,298.12723,952.18774,0.9496994,625.57983,1029.9756,0.8910739,461.39154,1026.3724,0.92960465,719.8337,1080,0.268067,415.98703,1080,0.35918152,753.24225,1080,0.06337115,345.6684,1080,0.084635615
person_15_0.jpg,15,0,caregiver,0.8934654,719.8965,317.5918,1294.2185,1077.5281,574.322,759.9363,1007.0575,697.55994,0.75575024,799.02344,552.74066,0.7655761,801.22845,522.7845,0.81005347,802.51154,531.39056,0.19482979,865.37024,480.18582,0.86714745,894.69836,494.33096,0.068373024,991.49945,543.38293,0.97537273,979.3542,543.2604,0.9314095,1012.4098,770.9205,0.9627936,917.96765,738.5969,0.6953838,927.52325,933.5319,0.9182732,872.9861,823.867,0.6571018,1215.3206,872.8994,0.9059489,1196.1625,871.5626,0.8499408,1051.8912,1055.3785,0.5189013,993.95776,1052.6078,0.31676227,1112.9766,1080,0.16835645,1002.48065,1080,0.10189536
person_15_1.jpg,15,1,patient,0.79412544,258.4988,495.15332,839.0063,1075.0955,580.50745,579.94214,548.75256,785.1244,1.0009748,641.75586,670.62274,0.9504476,666.56854,650.3597,0.9030893,625.10736,642.8674,0.9270388,703.0706,644.661,0.5973606,592.72614,623.94293,0.7342918,738.60004,744.28156,0.9740317,514.6192,706.9225,0.98913515,773.29315,915.6774,0.8532815,386.344,846.14874,0.9488203,764.03296,1050.0848,0.75495446,307.8076,1003.3878,0.873986,659.32715,1020.45807,0.8545065,508.03143,999.8707,0.8992189,673.04706,1080,0.28274572,409.48712,1056.012,0.3597237,670.1165,1080,0.08953306,365.89343,1080,0.117034286
person_16_0.jpg,16,0,caregiver,0.91519535,1026.868,282.79398,1619.7726,1080,592.90454,797.20605,1323.3203,681.397,0.7437281,1296.6241,457.66592,0.7182449,1303.3723,430.03638,0.7610202,1315.6233,429.1177,0.12693176,1363.6371,425.02072,0.91631174,1436.9089,415.2389,0.084947616,1409.5992,573.9008,0.9873202,1530.0463,531.015,0.9555928,1348.8646,853.8188,0.96755517,1469.9988,780.2442,0.65665257,1241.426,786.3783,0.91482586,1267.4888,745.41876,0.58722645,1436.09,975.13086,0.90600765,1515.8895,937.03326,0.8350095,1073.7035,926.11926,0.6233276,1154.0498,895.10004,0.36534488,1125.0657,1080,0.29739177,1162.5228,1080,0.16377735
person_17_0.jpg,17,0,caregiver,0.8682182,972.9739,148.46625,1368.8257,817.3868,395.8518,668.92053,1170.8998,482.9265,0.591777,1179.3617,274.07242,0.91285336,1198.5374,256.74042,0.92478305,1176.8138,255.64589,0.6584976,1253.1913,258.58176,0.8870394,1179.6301,255.26326,0.21168405,1315.4076,344.59348,0.99336934,1161.321,331.17838,0.979905,1327.8865,486.7967,0.9873166,1133.7444,456.08206,0.86682093,1224.0608,510.96808,0.9778029,1161.4233,483.165,0.85778403,1270.5547,569.115,0.98977745,1167.0596,553.57623,0.9807935,1155.5975,642.8313,0.9729891,1030.6919,626.49384,0.9347011,1192.9249,798.1509,0.92881596,1098.66,776.1875,0.8674371
person_18_0.jpg,18,0,caregiver,0.8684559,1026.9738,7.438316,1454.2673,889.6339,427.29358,882.1956,1240.6206,448.5361,0.4843524,1377.7769,145.96194,0.8200343,1383.5577,128.34988,0.37484276,1369.3503,122.379395,0.8582074,1378.5919,121.94795,0.06799409,1309.1056,97.410614,0.8590034,1333.994,205.14209,0.9521621,1164.3413,170.25357,0.9941863,1327.3724,379.89713,0.85887736,1049.7047,315.75436,0.993919,1372.5421,504.45267,0.85890996,1201.9896,399.00076,0.9851811,1247.7346,546.4476,0.9771956,1127.6165,541.3554,0.99266505,1246.993,802.50684,0.8099184,1108.4387,806.6258,0.9282093,1228.5807,971.71655,0.4395878,1069.5612,989.601,0.6452963
person_19_0.jpg,19,0,caregiver,0.8471652,1019.9514,4.25045,1457.3304,860.0743,437.37903,855.82385,1238.6409,432.16235,0.51106197,1371.8502,117.966606,0.8635517,1385.8336,103.54288,0.44504496,1362.4152,92.64175,0.90546644,1387.8226,100.395805,0.07956609,1309.1377,64.29216,0.90053475,1342.7054,178.23256,0.9321282,1177.7482,124.66827,0.9941156,1321.2982,346.55386,0.72518426,1066.1727,258.50006,0.9934082,1350.2649,462.50378,0.73721385,1190.9431,384.6462,0.9824939,1231.8871,482.54547,0.9601213,1120.7295,464.25995,0.9893789,1201.7354,740.2242,0.769012,1103.6989,726.5746,0.92745143,1170.2322,922.01953,0.40779573,1079.4811,914.2297,0.6540366
person_20_0.jpg,20,0,caregiver,0.88010836,758.82056,48.58726,1258.3113,1078.5828,499.49072,1029.9955,1008.5659,563.585,0.48494458,862.0418,313.96436,0.62564,870.9389,273.23398,0.67301595,870.20856,276.15228,0.0900231,952.7739,241.68948,0.8555748,989.99677,246.19891,0.052444875,1033.1714,402.3802,0.9692609,1123.5765,374.32422,0.9110732,1003.16547,741.1584,0.9406644,1091.9388,685.9752,0.5707853,870.48346,795.3817,0.8613777,884.7899,778.4637,0.49900612,1088.875,950.17883,0.8357879,1155.1202,921.66626,0.74044615,902.3191,1075.6425,0.3035248,1008.48364,1050.185,0.15718272,909.30774,1080,0.07301265,1000.7092,1080,0.04234767
person_21_0.jpg,21,0,caregiver,0.6773521,186.25876,52.41405,963.618,1080,777.35925,1027.5859,574.93835,566.20703,0.75649077,505.50623,305.96826,0.28333366,504.37686,269.63342,0.3406071,520.45337,267.3444,0.023226917,546.85034,245.32132,0.9298363,681.3291,231.10999,0.10757804,605.9517,418.15085,0.98363274,838.361,369.87457,0.9462358,625.3962,764.2952,0.9474478,925.6776,694.8572,0.58941406,571.6644,797.97064,0.8016927,717.91766,791.9202,0.37792885,696.9945,930.00385,0.89570415,853.44446,894.49854,0.8191769,398.51678,1074.4747,0.42991275,610.2172,1045.479,0.22192073,408.7577,1080,0.1112096,587.0846,1080,0.058940887
person_22_0.jpg,22,0,caregiver,0.766575,240.32423,52.213436,842.5521,1072.6487,602.2279,1020.43524,541.4382,562.431,0.5901677,381.3904,304.0418,0.5155478,381.71646,266.8238,0.54374677,402.82205,267.03424,0.14251995,413.653,263.3907,0.8716699,553.30054,247.07718,0.2742718,453.5823,466.22437,0.9768075,710.24115,416.62112,0.919036,419.16522,794.2449,0.92649984,793.0186,730.3732,0.6478003,360.27313,955.9231,0.78471935,673.7577,898.69763,0.48644972,566.66473,1009.7965,0.8396999,746.0773,973.96423,0.74490595,278.81244,1080,0.37847155,520.621,1080,0.247453,360.54626,1080,0.109935224,633.2275,1080,0.07784152
person_23_0.jpg,23,0,caregiver,0.8203596,917.06055,311.53696,1318.9697,855.4339,401.90918,543.897,1118.0151,583.4854,0.7389436,1104.7313,441.0665,0.853294,1116.6903,424.09735,0.88414305,1107.1581,425.25647,0.45751935,1171.4675,416.75998,0.885157,1127.6388,419.35306,0.12611467,1243.0009,492.75864,0.98994994,1134.7069,483.2969,0.9592365,1229.7893,628.26434,0.98082006,1099.3176,601.27094,0.7445436,1130.0532,652.00446,0.9653024,1097.0898,628.2455,0.7517102,1211.3075,707.1272,0.98374605,1141.362,691.59906,0.9648505,1066.6257,750.149,0.9624542,996.80005,735.8082,0.8980783,1030.7408,872.9665,0.91493315,985.78876,850.7223,0.82939947
person_24_0.jpg,24,0,patient,0.6383618,761.59784,318.93625,1258.1544,1018.39185,496.55658,699.45557,1009.8761,668.66406,0.7099187,903.839,479.15884,0.98091877,926.9647,454.21805,0.93623066,878.486,455.5677,0.97600985,968.6551,446.2166,0.5641288,844.81573,448.88373,0.9139562,1003.6264,532.372,0.99238896,817.2091,542.4815,0.99838066,1076.2827,679.24536,0.92489654,826.8718,717.45984,0.9913783,1108.005,815.2599,0.8891262,908.8675,880.0524,0.9760008,1013.1438,770.51215,0.9764825,889.8334,780.2032,0.99002,1137.7317,846.8083,0.8149321,976.93823,850.00964,0.91484,1168.5779,935.29767,0.5670072,1035.5171,936.37524,0.72316873
person_24_1.jpg,24,1,caregiver,0.5191977,777.14905,9.510011,1161.7181,604.9793,384.5691,595.4693,969.4336,307.24466,0.6458252,1010.3466,163.74434,0.94013715,1036.8872,145.8475,0.91860116,996.4772,136.90315,0.89449453,1074.5238,149.58972,0.70181,964.24316,125.60491,0.59830546,1108.4497,256.5768,0.9712504,883.31696,223.97453,0.9751544,1132.6157,420.0739,0.8671936,817.8241,367.1155,0.8543682,1091.3003,478.0388,0.782282,849.70874,433.6336,0.7545022,1044.1395,538.5041,0.8164975,896.8471,524.44025,0.8241937,1070.6202,648.717,0.29207045,890.28687,632.25525,0.28875893,1050.4106,788.5109,0.10757506,902.2398,765.3682,0.10918984
person_25_0.jpg,25,0,caregiver,0.66115904,756.25714,76.04781,1231.2675,714.08716,475.0103,638.03937,993.7623,395.06747,0.74448436,902.5912,241.21094,0.7265039,905.0407,215.01062,0.7413169,883.29785,226.37477,0.4332697,937.99164,169.62444,0.6666339,876.2757,198.95364,0.17154315,1035.7672,190.22185,0.9509672,892.35657,239.96399,0.8753309,1111.9901,291.009,0.9157568,904.78174,388.7846,0.6193487,1044.3679,267.36658,0.86479676,938.17993,360.30606,0.59970176,1118.0974,430.58862,0.901738,1023.30927,454.92603,0.8454472,1131.4814,592.3791,0.6586004,1019.1087,616.4258,0.506629,1124.4318,706.3332,0.34611198,1013.8815,728.8886,0.2532122
person_26_0.jpg,26,0,caregiver,0.8256087,891.8695,4.3535614,1300.788,702.46484,408.91846,698.11127,1096.3287,353.4092,0.5857497,1118.4534,98.345085,0.92235255,1149.297,81.37281,0.91754043,1112.1284,71.39328,0.80486876,1206.5009,88.76472,0.80288464,1099.6923,63.56895,0.3897236,1254.406,197.36891,0.98624796,1022.73804,152.71402,0.9832032,1250.4569,381.96725,0.961495,910.21173,283.8405,0.91337574,1129.3468,429.12482,0.9268837,947.3158,339.70227,0.8577397,1160.8795,514.65155,0.950464,1009.8637,489.1866,0.942434,1138.9216,716.2755,0.5770724,975.5993,689.2657,0.49893418,1088.3489,896.01685,0.19515029,991.7971,860.5619,0.16428354
person_26_2.jpg,26,2,patient,0.63044363,763.71765,270.9884,1137.4583,869.0955,373.7406,598.1071,950.58795,570.042,0.6248723,904.15894,432.16425,0.9791196,928.55316,410.847,0.9412069,882.84375,406.78458,0.9746624,964.89685,401.53265,0.6258648,847.884,388.71625,0.90784246,990.6645,476.82028,0.99143815,805.11847,462.4459,0.998171,1023.07074,631.98816,0.921704,801.5748,623.39343,0.99070716,1021.10016,728.2085,0.8792747,852.50745,752.2542,0.9731984,979.1507,692.9777,0.96694833,853.80176,688.9349,0.985975,1043.693,776.4562,0.7299008,864.151,766.812,0.86201113,1071.8787,857.4674,0.42095193,900.2314,843.18567,0.579373
person_0_0.jpg,0,0,patient,0.67901856,666.5461,209.92743,1174.8335,775.9665,508.2874,566.03906,920.6898,492.94696,0.89797235,850.2042,349.08334,0.97349113,861.7506,326.5691,0.9157449,823.8875,332.34235,0.96909213,880.3268,331.95355,0.51948607,777.67804,345.6409,0.9056332,914.0199,429.1719,0.9903812,746.2358,459.68585,0.9969741,1003.7493,548.1492,0.9151983,730.6099,609.544,0.98232955,1090.301,651.63446,0.87196565,738.09973,683.5668,0.9568603,964.27545,653.8677,0.97251207,851.59204,676.9008,0.9851306,1099.6676,708.5053,0.81633055,916.00037,729.64185,0.8931205,1158.6952,797.0002,0.6163196,934.19434,823.23987,0.7252368
person_2_0.jpg,2,0,patient,0.798512,379.71307,152.26375,1051.2773,941.2528,671.5643,788.9891,715.49524,546.7583,0.85117054,614.38617,329.11603,0.94459254,605.58124,296.11517,0.7031917,576.28125,306.8137,0.9474851,560.0418,295.49072,0.28955683,479.20853,329.54474,0.92396533,529.8086,433.26575,0.96029407,485.31558,502.36618,0.99101454,658.6376,617.9174,0.77960867,640.58606,731.69104,0.96815896,834.46405,702.00964,0.7111302,855.60925,770.4396,0.93022835,687.04694,749.09247,0.8914253,654.11743,813.411,0.94204706,985.59454,692.687,0.670589,987.43555,757.8634,0.8122716,1001.78955,790.7606,0.4531584,1029.0591,822.3622,0.57049716
person_3_0.jpg,3,0,patient,0.7313521,399.1938,156.74783,1050.3033,995.53705,651.10956,838.7892,724.74854,576.14246,0.77624935,624.00946,340.3336,0.95812154,621.15344,308.07968,0.77269423,585.90735,312.6878,0.9567461,582.8888,309.13947,0.33179516,489.66147,331.0304,0.9179684,545.65765,458.6192,0.9583489,515.0054,510.34683,0.9892081,663.87573,649.42285,0.77051175,653.0856,738.3353,0.96243966,855.54004,705.0516,0.73371464,880.6251,759.0478,0.93199116,707.40814,780.7878,0.8600006,679.6233,836.1398,0.9212286,970.12646,712.93896,0.61055213,974.1027,790.1678,0.76191413,913.2117,802.8188,0.4092036,931.1318,869.7665,0.517397
person_4_0.jpg,4,0,patient,0.78489125,410.62256,174.8656,1077.3862,955.69135,666.7637,780.82574,744.0044,565.27844,0.85392123,637.28754,360.1975,0.9405019,633.5055,330.9183,0.7428608,599.1398,330.29742,0.94069475,590.7984,332.75708,0.3368497,499.51932,344.41003,0.89355665,555.43933,486.77704,0.94710183,521.03845,508.72772,0.9818912,685.40186,690.9211,0.73648477,680.69037,736.7699,0.9393941,871.42004,740.2702,0.6929264,886.4849,767.109,0.90123796,700.54144,799.74036,0.80442744,671.621,839.321,0.8782338,1000.0073,740.66327,0.53380704,994.81995,780.5418,0.6833508,969.7265,817.3622,0.33914274,991.9942,847.05756,0.42556047
person_5_0.jpg,5,0,patient,0.5218802,383.98737,168.57524,1055.6404,907.7382,671.653,739.16296,719.81384,538.15674,0.908667,592.9939,350.69812,0.9512763,590.2924,322.8464,0.7400559,559.3148,332.13947,0.9544405,583.4153,332.9902,0.17973873,486.09653,354.43643,0.9314214,599.3318,441.80325,0.97775,477.97952,500.64236,0.99204314,744.21436,541.6931,0.82458675,533.83203,682.4552,0.9631071,878.6017,625.51263,0.80040026,652.4169,736.583,0.9334549,748.14404,703.4324,0.9504547,673.5814,751.0883,0.9716455,923.7174,716.7177,0.77508146,888.59296,765.2809,0.8770902,968.7493,790.03394,0.6097484,959.13403,852.0149,0.73557043
person_6_0.jpg,6,0,patient,0.5124447,454.06274,214.29976,878.189,1055.8066,424.12628,841.5069,666.12585,635.0532,0.5040081,720.31024,399.6395,0.9147173,724.0052,372.39575,0.5226104,688.76697,373.83594,0.93878007,688.90295,382.1178,0.111219645,608.16235,384.57913,0.94851476,636.8716,506.40448,0.9516891,588.53033,520.5616,0.98901075,706.90015,680.2108,0.6166767,674.7587,731.2121,0.9628339,811.0572,729.0015,0.5850358,812.4835,761.9016,0.91271436,587.6103,865.87506,0.82039225,551.0322,878.2278,0.91420025,645.15674,1021.6922,0.26068163,657.24225,1038.776,0.5019301,543.4825,1080,0.07626274,544.3396,1080,0.15933731
person_7_0.jpg,7,0,caregiver,0.81104755,617.40894,140.10452,964.16675,868.14703,346.7578,728.0425,790.78784,504.1258,0.47628787,865.5833,352.9995,0.70079035,880.6468,326.932,0.42143708,848.76965,320.81073,0.6398994,890.9207,300.19098,0.1710203,786.5304,278.14502,0.5455967,891.7316,377.27634,0.9242898,659.20905,363.87546,0.9424035,902.21857,567.2953,0.8124702,623.36334,575.67865,0.86951303,861.95593,584.0088,0.7515523,785.04016,600.9744,0.79718935,833.1221,741.1367,0.86850536,671.80133,745.99164,0.88469297,869.035,931.92084,0.3636645,692.0283,943.296,0.39827126,842.768,1019.32635,0.109968126,675.16876,1034.853,0.122399926
person_7_1.jpg,7,1,patient,0.73028994,383.55753,408.4577,1025.7991,1079.17,642.2416,670.71234,704.6783,743.81384,0.9575515,624.60956,572.6302,0.93924654,624.50867,540.29456,0.5612937,585.1825,547.38806,0.95457923,598.72394,551.4572,0.08093795,489.05533,570.10364,0.9573277,582.75385,682.9313,0.9572451,486.08102,733.257,0.98812383,692.4414,842.49054,0.666048,636.8446,945.91125,0.9580437,752.3474,766.7692,0.6594458,753.3981,791.2685,0.9223478,656.6684,1006.7572,0.7896861,587.057,1051.5032,0.8867097,920.35004,977.7756,0.2762891,896.1737,1027.3855,0.5187761,935.3923,1041.2748,0.11295,904.7137,1080,0.2223356
person_8_0.jpg,8,0,patient,0.8144368,631.7436,70.39993,1053.8168,870.5857,422.07318,800.1858,842.78015,470.4928,0.527469,867.1975,272.25436,0.924505,896.5513,250.91124,0.89341474,855.3442,242.3252,0.8503785,942.30896,242.65742,0.67798156,829.34546,220.02249,0.5259623,970.1021,341.63702,0.9826679,745.40173,325.6406,0.98242426,1004.5193,507.96704,0.946822,688.74927,513.5784,0.917682,979.88336,582.87024,0.90886956,763.00757,636.94904,0.8596421,914.1833,700.98584,0.9394307,768.28546,695.74146,0.93583554,915.5462,906.49023,0.52005213,772.332,900.32086,0.48034203,889.05975,1029.1202,0.15817052,779.3349,1018.39105,0.14778751
person_8_1.jpg,8,1,caregiver,0.5753705,371.2256,398.7601,1044.8154,1075.0269,673.58984,676.2667,708.0205,736.8935,0.99604166,637.6263,563.6723,0.92346334,633.1856,534.5099,0.43462905,604.482,540.8091,0.9533769,595.3069,550.64685,0.040211648,509.29703,566.2575,0.9650786,564.64386,675.40076,0.9290207,491.55222,731.99945,0.9856813,692.7007,801.8583,0.5401498,607.4813,937.28925,0.96044254,829.4821,851.0255,0.5719705,777.726,934.5552,0.9264566,695.27386,998.45807,0.7527244,643.8215,1050.26,0.8845684,960.4797,949.27625,0.24313053,949.1863,1003.15,0.5275376,1014.6273,1011.8444,0.11754945,1001.618,1080,0.26072133
person_9_0.jpg,9,0,patient,0.8117931,604.1963,123.716805,950.2299,900.0885,346.03363,776.3717,777.21313,511.90265,0.44570613,795.73553,326.86807,0.9073993,827.8623,303.28677,0.8756776,781.2551,292.49655,0.8292955,874.02155,287.78564,0.6594201,747.75287,257.90308,0.5113009,908.2568,386.8437,0.9770907,659.8818,354.38306,0.97936153,912.356,598.1846,0.91428655,613.1634,568.48615,0.9004786,826.65686,573.93036,0.8475251,711.47205,601.18646,0.8196062,846.76855,792.7701,0.920607,684.93335,778.8956,0.9237281,824.9562,1064.6509,0.3516407,679.9608,1049.2255,0.3385555,795.6782,1080,0.08461675,709.7187,1080,0.08353138
person_9_1.jpg,9,1,caregiver,0.69866896,344.40387,437.44638,996.60626,1080,652.2024,642.5536,670.50507,758.7232,1.0150163,596.2527,593.9471,0.93771994,594.91235,564.9695,0.57011795,557.20355,569.22577,0.9598335,559.55347,587.2247,0.083730936,457.46588,599.97754,0.9644254,555.6064,733.253,0.9335055,460.48615,775.3375,0.98322546,718.0216,872.84094,0.4532036,642.4687,957.5381,0.92675644,698.4322,729.5361,0.44807473,725.1096,753.5022,0.86108583,624.05615,1069.2921,0.5778082,550.91266,1080,0.7508608,862.16235,936.44824,0.13427538,793.9378,979.76135,0.31609765,891.9149,1036.181,0.06359482,790.06964,1080,0.13646814
person_10_0.jpg,10,0,patient,0.8356915,585.1195,122.58693,954.15857,900.9262,369.03906,778.3393,769.63904,511.75656,0.4741365,817.3885,324.3303,0.93998927,840.23914,299.03232,0.8744614,796.38477,294.2693,0.89882684,866.2353,283.4467,0.5606648,743.1667,269.17682,0.6891562,890.0451,389.2976,0.9789914,652.87646,380.84494,0.98455596,894.5456,596.8542,0.9133536,628.68933,589.2265,0.9273789,792.27527,610.69507,0.87271416,712.8692,596.5871,0.8790578,846.71155,776.5752,0.9268935,694.54376,780.0968,0.93547237,840.00195,993.5562,0.5519787,742.9478,999.2393,0.5638603,837.3096,1080,0.17046285,801.9225,1080,0.17696342
person_10_1.jpg,10,1,caregiver,0.6428108,344.89462,429.3316,988.01294,1080,643.1183,650.6684,666.4538,754.6658,0.9883964,590.4457,590.99963,0.95824397,591.55066,559.10156,0.6804765,549.1977,566.37415,0.97004974,568.3565,574.9192,0.10931349,452.4596,594.9228,0.9665803,558.3728,715.5413,0.9573707,457.21002,768.46045,0.9890963,698.16003,867.86975,0.58113647,612.4547,974.31354,0.9465816,692.0408,776.1466,0.57557404,712.15295,819.9845,0.8997459,634.6189,1043.4125,0.7075216,561.70276,1080,0.8390243,854.0172,959.4719,0.20209968,822.50134,1009.27136,0.4172571,861.99426,1028.4574,0.08936626,826.352,1080,0.18146181
person_11_0.jpg,11,0,caregiver,0.7309047,704.8347,183.23878,1508.1532,852.38635,803.3185,669.1476,1106.4939,517.81256,1.2005101,990.4118,377.4815,0.8780408,1014.3658,350.88235,0.65857965,979.4255,344.3024,0.8339617,1032.6787,327.44885,0.23879284,927.6941,305.93066,0.6701851,1002.406,400.3539,0.9790337,804.3498,392.6786,0.9890566,1054.3392,577.6612,0.94418687,768.38525,591.69946,0.97087836,1121.9558,658.6001,0.932414,838.6832,681.2005,0.9526489,967.42706,640.14355,0.98614,829.6339,655.7087,0.9898338,1125.4926,758.38666,0.95190084,944.9495,777.0361,0.96198034,1341.8446,799.9509,0.88536847,1120.5813,820.85675,0.89882004
person_11_1.jpg,11,1,caregiver,0.6463076,263.57687,217.63846,1404.557,934.7145,1140.9801,717.07605,834.06696,576.17645,1.5911564,486.70737,366.39584,0.9102566,491.27618,330.4733,0.47090626,453.80908,337.61655,0.90389633,459.91516,349.65005,0.072300255,362.822,366.5943,0.89188814,414.18488,486.46527,0.9694147,359.0881,552.13354,0.98217505,577.21405,652.85486,0.8414673,534.0898,797.0449,0.93679297,783.01953,751.93066,0.84972584,755.0066,816.4235,0.917498,592.688,792.7106,0.9507977,550.95184,856.09265,0.9632471,908.4249,753.21173,0.83621097,894.94867,816.90546,0.89731854,1106.3275,800.978,0.7438487,1090.6559,879.3252,0.8124687
person_12_0.jpg,12,0,patient,0.81511176,661.74677,110.57418,1403.351,767.0805,741.6042,656.50635,1032.5488,438.82733,1.1296222,1049.525,302.55087,0.83996284,1072.0673,280.77243,0.54200274,1040.131,269.8064,0.83223236,1086.1549,269.3911,0.14982143,985.2108,236.26361,0.73559666,1046.6771,338.41528,0.97141623,855.7742,308.82578,0.9929247,1066.2228,498.1986,0.92079115,753.0058,458.36,0.98742044,1078.4119,540.43176,0.9103054,765.99304,517.90436,0.9753016,1014.44073,567.1559,0.98671985,871.9496,571.98987,0.9934612,1198.6161,609.4535,0.95098984,944.3804,618.7731,0.97338736,1346.0499,678.98596,0.8931856,996.27374,689.8827,0.92781556
person_12_1.jpg,12,1,caregiver,0.7192645,320.2415,141.27869,1162.1108,830.21826,841.8694,688.9396,741.17615,485.74847,1.2219785,524.1794,301.2955,0.9539236,518.621,264.82428,0.5531156,490.47583,279.16537,0.9625618,463.43985,270.40115,0.07213274,403.30923,311.39743,0.9640857,426.97552,396.0955,0.97669584,428.27142,484.14993,0.9952857,547.6517,562.6776,0.74880356,560.1831,716.21313,0.9803988,688.97296,589.5276,0.77013385,723.3931,645.6333,0.96329236,596.927,700.8459,0.94885504,594.88434,767.36017,0.9787438,904.0697,590.79913,0.8172139,916.42206,655.39417,0.93478394,1006.8106,681.3363,0.72621524,1005.0519,764.28766,0.8650948
person_13_0.jpg,13,0,patient,0.8197968,695.5022,134.2242,1403.5702,769.39703,708.068,635.17285,1049.5361,451.8106,1.1147642,1059.113,316.24142,0.82191527,1084.33,295.7517,0.43776557,1059.7289,281.484,0.7869594,1071.0771,284.69147,0.121739745,1005.3085,245.47604,0.7316179,996.3133,354.69342,0.9650612,849.7823,338.31818,0.98548,1032.0587,510.9246,0.895023,802.59344,517.2838,0.96471655,1057.2858,532.1441,0.8905094,905.9958,565.38306,0.9442177,956.42725,601.8511,0.9708551,854.0494,620.1197,0.98042023,1150.4844,654.69244,0.8942587,1073.235,677.1727,0.92687035,1321.5481,699.02673,0.7678121,1249.054,724.08594,0.81106985
person_13_1.jpg,13,1,patient,0.72083116,359.75647,137.8711,1120.3557,826.77264,760.59924,688.90155,740.0561,482.32187,1.1040754,564.08636,290.29895,0.93912303,561.8158,255.61305,0.48729354,534.1762,264.3996,0.94933116,499.11566,268.1122,0.06954831,450.08844,292.85565,0.95776737,445.90424,409.1313,0.97095025,446.6068,475.02408,0.99294144,545.7345,599.4401,0.7284639,561.72534,729.1433,0.9720829,770.83026,577.1932,0.74275136,779.29193,630.4567,0.94795334,601.55005,711.8909,0.91258675,602.1678,770.69226,0.9586687,922.31256,614.76294,0.6690531,946.2598,671.1763,0.8549317,1016.7789,684.70844,0.5169326,1028.0853,753.1216,0.7070768
person_14_0.jpg,14,0,caregiver,0.84522176,324.83835,152.85483,919.2846,871.1382,594.4463,718.2833,622.06146,511.99652,0.827593,549.9362,303.48105,0.94856465,546.77954,270.85922,0.6445103,513.81335,280.4477,0.95921963,512.3809,288.47888,0.13303351,423.50354,309.93204,0.96271193,483.82666,426.36282,0.9766112,426.3683,484.27292,0.99324596,614.26196,583.97205,0.7626638,575.6467,702.51294,0.96472573,765.13477,679.1631,0.74171615,748.3189,715.9113,0.92973125,639.6064,717.5921,0.93113816,598.8385,767.35895,0.964152,757.26843,744.18005,0.66989625,755.79156,796.92316,0.82407945,835.7602,775.7686,0.4637301,834.38446,847.6175,0.62389773
person_14_1.jpg,14,1,patient,0.7115035,735.63727,225.6293,1503.853,813.1454,768.21576,587.5161,1119.7451,519.3873,1.3075655,1046.0927,415.20273,0.88873273,1069.247,394.20105,0.66132116,1037.3229,385.38446,0.86360943,1084.3418,384.88803,0.24512762,985.05853,357.68204,0.752043,1048.0498,449.16742,0.9792992,853.8544,432.43073,0.9904258,1088.3768,594.09845,0.93266964,784.81555,587.23456,0.97414744,1120.1652,658.42377,0.9207496,906.2814,672.6182,0.9572158,1026.8651,627.5935,0.98248154,890.2633,639.91547,0.9880278,1200.1312,700.43445,0.9340646,1035.6316,715.6131,0.9524656,1379.5657,732.5443,0.86888015,1205.2001,749.04004,0.8910699
person_15_0.jpg,15,0,caregiver,0.8521552,343.06058,143.02437,927.7094,863.55444,584.6488,720.5301,635.385,503.2894,0.81141484,561.4625,290.2163,0.9385542,561.344,259.47833,0.62636214,528.0147,266.5044,0.95089513,528.50616,277.05356,0.14078456,436.0204,291.88385,0.9537288,493.19427,404.4073,0.9712529,432.90378,453.82693,0.9905718,620.446,548.6833,0.7465699,584.9448,652.9328,0.95316577,775.46594,663.08234,0.72955436,754.2219,688.98157,0.91303504,634.5782,679.36176,0.92728496,591.8666,724.0799,0.9593662,730.2305,737.143,0.6845604,731.1741,784.16205,0.820022,837.6758,771.6481,0.49974048,840.79645,836.4436,0.6389627
person_15_1.jpg,15,1,caregiver,0.8100107,735.5151,215.68553,1526.9238,825.50226,791.40875,609.8167,1131.2195,520.5939,1.2977813,1037.0287,413.8905,0.8806894,1069.3853,392.63013,0.6509784,1032.905,378.5992,0.84947354,1094.8531,371.60388,0.22428402,987.39026,330.60086,0.7152635,1039.4845,420.0307,0.97617793,838.25586,390.6881,0.9906275,1075.8445,569.6906,0.9408815,773.55725,558.1769,0.9798322,1117.3611,648.3183,0.9336319,900.76953,681.7156,0.9656273,988.60114,624.06744,0.9801768,844.4175,631.08154,0.9873293,1151.7124,740.49725,0.90478003,970.18427,749.85565,0.9336831,1359.8596,764.4451,0.7670078,1150.4315,772.7212,0.8097439
person_16_0.jpg,16,0,patient,0.8569071,737.46173,206.3642,1435.2163,789.3388,697.7546,582.9746,1086.339,497.8515,1.1968868,1061.2299,398.52353,0.858639,1092.59,377.95154,0.5640948,1057.1016,361.42935,0.8161142,1106.9197,357.7817,0.19058868,1007.16266,311.67154,0.74923456,1050.3468,405.99722,0.9789123,870.0266,380.26334,0.9902083,1104.6407,553.32227,0.93145883,897.11975,562.43427,0.9707262,1108.9106,596.84314,0.92166,1059.0912,640.3976,0.95217466,1009.9464,630.0139,0.98386866,884.2739,640.77814,0.9888367,1178.8726,634.5816,0.9507718,1067.0493,646.84015,0.9655643,1354.5483,729.9071,0.89589214,1274.0897,741.5954,0.9174857
person_16_1.jpg,16,1,patient,0.75811625,371.27826,115.42625,892.31537,826.7768,521.0371,711.3505,631.7968,471.10153,0.7324618,587.9461,262.4827,0.9546051,585.9982,229.05714,0.61904436,556.9395,237.0956,0.96510696,529.20795,236.41524,0.12948602,474.79074,258.78702,0.9726877,476.23846,376.84613,0.97731125,468.07166,433.1861,0.9951607,559.76196,571.5392,0.724626,569.2619,681.41644,0.97521883,727.5989,556.6383,0.7080632,748.823,602.13635,0.94381285,581.14246,693.8021,0.8854995,578.84656,742.56714,0.94741917,810.93506,637.94604,0.48691002,862.60583,687.6356,0.73293144,818.32355,701.09204,0.28359553,877.1882,764.9723,0.4748284
person_17_0.jpg,17,0,patient,0.7896246,362.10535,153.87473,1519.3933,872.46454,1157.288,718.58984,940.7493,513.1696,1.6104987,600.8245,288.86307,0.9243678,597.32513,262.6111,0.70139635,572.14966,262.9573,0.9123155,532.3175,269.98706,0.40639085,468.1399,277.6744,0.8680068,534.82544,410.80258,0.9711603,434.43225,461.9631,0.9884684,725.7441,611.3598,0.8395291,613.2862,720.73755,0.9579712,916.77747,663.7176,0.760133,849.37445,791.9805,0.91628295,758.1586,730.3736,0.95342827,695.08093,796.74426,0.97088253,1133.9401,759.43195,0.8830405,1072.3671,797.31305,0.93212986,1318.6981,834.4912,0.7853472,1317.2549,860.08295,0.8459139
person_18_0.jpg,18,0,caregiver,0.7650306,391.0287,208.85295,1511.8345,923.4785,1120.8058,714.62555,951.4316,566.1657,1.5683819,613.5543,350.23062,0.92124116,607.6662,320.31915,0.61965334,587.51654,331.93448,0.93206036,547.31116,324.7364,0.3274746,500.59042,356.3423,0.92880857,533.1818,479.65836,0.97133964,479.02786,530.88385,0.9929175,681.2578,667.2886,0.78552365,670.37976,727.979,0.969224,900.268,693.75934,0.67552936,888.8103,736.4331,0.9181477,721.46643,731.4722,0.9642932,693.8242,792.0316,0.9822215,1057.8055,772.262,0.91493404,1044.4924,812.3782,0.95992845,1292.4443,832.6485,0.8534514,1302.0444,863.0201,0.90665495
person_18_1.jpg,18,1,caregiver,0.76029813,873.5767,267.46628,1542.8033,869.52094,669.2266,602.0547,1208.1901,568.4936,1.1115712,1147.8903,473.77112,0.879658,1167.5048,444.54904,0.69879806,1125.9958,449.84692,0.84341,1198.432,417.99423,0.2771575,1079.12,428.335,0.7090673,1191.9684,454.8104,0.9751117,1008.2393,492.62567,0.9821681,1291.7429,579.6161,0.9276628,1054.0206,674.8766,0.9467797,1405.6831,700.5712,0.90773165,1227.7625,743.8158,0.9176661,1182.7775,634.7607,0.9677185,1056.4307,665.99036,0.973086,1299.6842,737.3859,0.86849225,1147.0984,770.3144,0.8920374,1425.9878,797.5665,0.70723397,1289.8551,842.079,0.74376404
person_19_0.jpg,19,0,patient,0.7408606,742.3451,210.52458,1424.6417,889.332,682.29663,678.8074,1083.4934,549.9283,1.0051403,1014.6136,367.74683,0.8920016,1025.8533,344.41507,0.69672465,996.20435,343.49738,0.8542721,1035.5957,345.66632,0.27826342,933.8994,337.9474,0.73324406,1039.9542,437.65002,0.98331845,836.4203,443.17175,0.98939586,1117.0117,579.6303,0.9491606,805.2748,598.03375,0.96476,1181.2853,689.84424,0.93220925,888.8626,664.6696,0.9437283,1063.8743,665.3135,0.98479867,930.58704,686.8375,0.9877101,1218.5847,759.1978,0.9361783,1087.3444,784.4428,0.94616157,1329.5923,849.64136,0.8436328,1228.9888,882.1346,0.85883
person_19_1.jpg,19,1,caregiver,0.65408826,320.48822,265.19965,1409.5355,950.81537,1089.0474,685.6157,865.01184,608.0075,1.5884224,549.6481,436.37625,0.95259714,547.80664,408.83517,0.7069538,519.414,415.38196,0.9436802,533.56494,422.01862,0.16626501,440.7097,433.73163,0.905152,520.2649,523.6703,0.9801693,446.05554,567.087,0.9870548,664.6858,650.8692,0.8777681,573.39996,753.91736,0.9396707,805.0455,677.6233,0.86799335,772.44196,719.8315,0.9178432,692.84485,762.5335,0.9466483,639.21,809.9752,0.9578364,994.1647,803.34845,0.7863341,973.54425,850.5146,0.8517135,1172.4791,883.7085,0.60620284,1168.8633,940.4919,0.6815368
person_20_0.jpg,20,0,patient,0.8510056,700.958,4.1142654,1080.5881,840.9496,379.63013,836.8353,890.7731,422.53192,0.45364973,829.11786,93.44049,0.97897,855.21063,68.9661,0.97690403,812.7035,70.81867,0.91792166,914.32153,77.72558,0.91669714,804.64294,86.176926,0.47531348,982.2024,225.10648,0.99572164,802.94653,237.15259,0.9932936,1039.3071,420.24527,0.982258,788.8133,435.04044,0.9430381,1001.7443,572.78284,0.96351856,739.31744,603.1518,0.9084117,950.5107,620.2132,0.9815283,838.5755,620.62085,0.977224,911.29486,879.7817,0.80907655,817.3601,877.98096,0.7401011,934.6171,1045.2191,0.4120567,861.0887,1038.6993,0.34314495
person_20_1.jpg,20,1,caregiver,0.7794326,188.04965,345.64246,841.74084,1080,653.69116,734.35754,514.89526,712.8212,0.8901538,428.70703,514.73956,0.93968606,420.15958,484.8647,0.5769825,387.57175,493.3832,0.95510393,376.1194,507.081,0.10533756,288.84125,528.7019,0.96455944,358.88516,649.7146,0.9657552,301.81412,702.6371,0.9881828,517.56274,790.2821,0.67684996,471.8428,901.3595,0.94463384,621.7356,804.5774,0.6386583,604.3471,842.4387,0.8895333,445.19913,1009.34515,0.77080536,402.74393,1051.7628,0.8608871,636.02716,981.0879,0.20720363,635.7106,1029.1742,0.39006245,603.8631,1080,0.07175121,599.7482,1080,0.1365712
person_21_0.jpg,21,0,patient,0.8643972,747.1681,1.6872023,1091.5588,850.03015,344.39075,848.34296,919.36346,425.85867,0.40595698,808.7423,177.95767,0.6679632,813.4577,151.35497,0.752193,812.6549,150.7038,0.17033198,861.7738,126.95422,0.8851341,896.33453,124.53895,0.083488464,930.0474,235.0304,0.9780803,969.58905,214.67256,0.90027916,963.8394,470.08362,0.96329325,967.61176,429.8783,0.5652602,889.9895,660.9751,0.9027947,870.8091,627.8611,0.49883905,964.8678,644.05286,0.9233006,999.0867,627.32776,0.8421477,925.49963,924.7967,0.57943195,952.5004,908.38043,0.34559003,969.80225,1080,0.16987848,983.6972,1071.8708,0.09391132
person_21_1.jpg,21,1,patient,0.7867631,214.97908,351.70587,710.6436,1080,495.66455,728.2941,462.81134,715.8529,0.68058294,461.5687,502.08432,0.7097811,447.115,477.68506,0.13452137,441.5151,481.11075,0.8189635,331.05502,492.90125,0.05360627,381.2705,506.51794,0.96091974,298.3618,632.17377,0.9191258,383.53113,660.74176,0.99053264,445.30453,808.66455,0.39523977,515.5124,848.8403,0.9758032,608.7959,824.5225,0.33523542,640.25726,836.18634,0.91023386,348.4188,1012.0916,0.7229175,407.43872,1035.3168,0.9005,527.8603,1076.8488,0.11971724,601.10876,1080,0.38694257,486.3273,1080,0.03404686,558.3409,1080,0.102424115
person_22_0.jpg,22,0,caregiver,0.8654419,220.40897,333.32666,758.2216,1080,537.8126,746.67334,489.3153,706.6633,0.7202783,479.74173,494.28638,0.8658141,472.99832,470.30362,0.39174026,450.6701,471.03204,0.9016258,425.1672,489.11438,0.08365142,366.46948,488.61404,0.940909,416.34525,632.26154,0.94865334,328.3262,654.8281,0.9818206,586.3224,788.5249,0.65502864,505.36453,857.208,0.9403908,660.79224,741.6456,0.6068342,664.2551,765.12286,0.87376976,432.3426,1029.1907,0.7716211,364.5739,1055.8529,0.8593041,608.1414,1080,0.18763712,562.1663,1080,0.3560102,564.4602,1080,0.05149862,495.5141,1080,0.09829289
person_22_1.jpg,22,1,patient,0.7479137,691.01447,207.03413,1224.6127,1065.745,533.5982,858.7109,957.8136,636.3896,0.6213945,928.48175,405.08823,0.740312,936.3791,375.09518,0.80763155,926.45465,377.14963,0.17089915,998.02515,361.21112,0.8637824,980.4952,367.12897,0.037487507,1099.4467,491.47107,0.9792303,1075.5208,461.69394,0.92668116,1125.0366,759.19836,0.98425424,1043.0217,654.29865,0.78429794,923.0632,783.2559,0.9708352,798.0422,649.5333,0.80035734,1111.8868,903.9708,0.9394314,1097.2723,874.8666,0.8866682,921.14087,1080,0.584478,956.2497,1079.7267,0.33963373,965.8891,1080,0.15543714,981.65753,1080,0.08110061
person_23_0.jpg,23,0,caregiver,0.84055734,323.8937,411.1487,701.6658,1080,377.77206,668.8513,512.7797,745.57434,0.56480724,550.7024,571.4086,0.9332758,553.5362,541.56506,0.55787754,516.8538,545.2197,0.9655477,519.032,548.96826,0.08675948,426.0965,558.21484,0.97148776,475.20074,678.492,0.9065845,413.41946,707.54034,0.98669314,562.7647,841.2467,0.32665956,521.2793,906.4149,0.94866645,644.62836,852.44257,0.32893023,647.43616,879.5306,0.8764733,501.30075,1009.74316,0.58466583,451.23694,1036.4141,0.8111861,652.0968,1034.3679,0.14570194,592.8682,1063.6926,0.3951839,646.1541,1080,0.070426166,540.2736,1080,0.17599723
person_23_1.jpg,23,1,caregiver,0.6985058,963.88153,299.37503,1306.0054,1002.909,342.12384,703.53394,1134.9435,651.142,0.48629332,1011.1142,441.6512,0.90894413,1029.3357,414.76895,0.9252547,1006.5909,416.501,0.5118068,1098.2255,415.79166,0.9116427,1046.2684,421.9174,0.13302547,1168.2782,549.08154,0.9856491,1130.257,537.35693,0.9477964,1187.1628,768.24243,0.9622649,1137.5001,725.3194,0.6560477,1065.4756,841.62115,0.9222647,1029.2749,786.65265,0.6300181,1185.5286,934.72943,0.8975146,1159.5792,917.04034,0.8167466,1038.0281,1074.058,0.49029687,1041.2695,1056.2552,0.28342658,1094.801,1080,0.1665507,1084.9878,1080,0.094834566
person_24_0.jpg,24,0,caregiver,0.7694628,904.17816,262.05826,1654.267,1072.4164,750.0888,810.35815,1279.2225,667.2373,0.9256263,1238.6036,513.74805,0.8518348,1253.6437,471.12622,0.86966383,1239.442,475.42813,0.19225511,1356.4093,451.1398,0.89273167,1323.2096,460.6915,0.03826478,1450.8771,624.2185,0.9751773,1488.8784,585.41266,0.9295951,1368.964,970.4835,0.9605915,1447.7817,873.1441,0.66325134,1116.023,962.68677,0.9371887,1161.4868,898.7634,0.7037904,1444.5728,1080,0.78018034,1465.8792,1053.9604,0.6732031,1023.8076,928.7704,0.39374256,1078.7727,883.85144,0.19430473,985.2719,1080,0.15789369,1010.62195,1060.8416,0.08433363
person_25_0.jpg,25,0,caregiver,0.87599564,938.52203,278.66797,1661.617,1068.7668,723.0949,790.0989,1300.0695,673.7174,0.91519547,1264.3522,543.83466,0.8153068,1274.2181,501.4734,0.83144975,1267.7609,504.5178,0.1622195,1366.6721,470.4278,0.87067866,1358.3247,476.0054,0.038323373,1465.1528,633.1561,0.97486603,1518.3391,592.36426,0.93291146,1401.4026,985.86053,0.96469414,1494.4465,897.2349,0.69749475,1160.706,982.0543,0.94219494,1198.4324,939.2121,0.7235365,1472.0009,1080,0.80614156,1505.3489,1044.9275,0.71073437,1101.1047,956.92584,0.4287649,1166.595,914.20264,0.22554529,1080.5112,1080,0.16541377,1106.2396,1040.0806,0.091822
person_26_0.jpg,26,0,caregiver,0.73142695,827.2104,348.67194,1559.7965,1078.7457,732.5861,730.0738,1193.5034,713.70886,1.0034412,1169.6531,575.38477,0.8265866,1182.9396,537.0061,0.834394,1172.7587,540.77106,0.22578746,1279.0802,515.5661,0.8336661,1246.752,525.33966,0.047988087,1388.4011,680.82306,0.96544224,1376.4692,646.96857,0.9199395,1336.5582,1013.6824,0.9432307,1334.7296,918.07935,0.6657994,1061.6016,988.46747,0.912804,1082.185,910.923,0.6860076,1373.2574,1080,0.731303,1363.9015,1080,0.6309622,1055.5385,976.9244,0.32279706,1081.7933,939.0966,0.17390046,1031.8568,1080,0.12049469,1048.2964,1080,0.07109195
person_27_0.jpg,27,0,caregiver,0.83428115,767.7071,349.12936,1454.8497,1077.6616,687.14264,728.5322,1111.2784,713.3955,0.9431877,1091.862,572.62,0.92717516,1113.1567,536.45184,0.94586205,1092.6965,537.9955,0.39908096,1220.7498,528.6074,0.94661534,1160.0823,532.8745,0.070507616,1315.9324,701.3761,0.98592585,1292.0876,662.37726,0.94902575,1237.1062,1008.90686,0.9617677,1236.9054,907.0097,0.6365554,1006.54785,1019.1405,0.92649627,1005.47943,951.85645,0.6514793,1305.9443,1080,0.8099879,1289.9536,1069.9342,0.69001245,955.96594,963.20306,0.41282856,975.2587,921.0607,0.20135623,915.9189,1080,0.17517492,930.28424,1063.9891,0.090925485
person_28_0.jpg,28,0,caregiver,0.57519084,791.2138,358.85272,1513.4047,1075.573,722.19086,716.7203,1152.3092,717.2129,1.0076329,1156.0085,598.90314,0.8519337,1169.0569,560.95294,0.8659713,1158.446,566.94965,0.2904974,1267.5878,529.5397,0.8561214,1225.1848,543.1717,0.057914287,1373.4142,678.7719,0.9667003,1324.1932,646.0012,0.9252363,1295.3433,990.9784,0.935984,1227.0433,895.03595,0.65972376,1069.5673,988.02026,0.90022594,1020.95667,914.98004,0.668444,1318.7393,1080,0.7559281,1290.8718,1054.353,0.6644375,958.26337,999.6496,0.34851408,965.3275,960.7539,0.1892364,863.06116,1080,0.13420668,889.6892,1066.3153,0.0790253
person_29_0.jpg,29,0,caregiver,0.8319707,905.80597,339.8626,1613.7887,1075.1934,707.9827,735.33075,1259.7974,707.52795,0.96280855,1245.6852,608.2595,0.8547587,1258.2897,566.6157,0.87657714,1244.4751,570.64575,0.21050999,1357.6448,520.4092,0.89573324,1315.7991,528.6648,0.038698316,1460.563,661.99994,0.9757772,1460.9901,618.4643,0.9259565,1358.8763,994.5795,0.9554415,1393.2362,883.8576,0.64786625,1148.0327,984.862,0.9199807,1160.0564,899.5488,0.66992724,1471.3895,1080,0.76527584,1473.561,1080,0.6489736,1093.6989,948.6827,0.3236732,1130.1737,903.70874,0.15554264,1023.8138,1080,0.103369385,1039.5753,1027.0149,0.05487615
person_30_0.jpg,30,0,caregiver,0.78129494,831.9022,306.79153,1576.4601,1073.8804,744.55786,767.08887,1204.1812,690.33594,0.9706279,1209.0999,559.01434,0.8030431,1223.41,528.69354,0.87197864,1223.3912,525.3821,0.2564362,1305.8999,506.40366,0.9278542,1328.0166,490.3942,0.10240278,1395.4426,665.97125,0.99181724,1414.0929,580.6119,0.8757731,1296.3713,956.3093,0.9865378,1306.9777,778.74786,0.5899677,1061.3481,934.80615,0.96606004,1139.4608,812.45416,0.6004698,1345.3497,1075.0679,0.9404406,1357.4542,999.9691,0.80397326,935.3972,1034.7065,0.72301775,962.8506,939.02783,0.38583207,932.4821,1080,0.35452443,929.8803,961.95416,0.18052593
person_31_0.jpg,31,0,caregiver,0.7126895,695.3591,312.49606,1519.3157,1078.5145,823.9566,766.01843,1107.3374,695.5053,1.0756354,1149.1593,565.2886,0.83495235,1163.7676,529.8078,0.8701408,1157.4849,532.1184,0.22953019,1268.4125,494.39178,0.8743493,1227.6221,496.50024,0.03466025,1378.5825,637.10535,0.97611374,1292.991,577.2157,0.9458563,1260.5858,966.14404,0.97410136,1095.2643,795.8544,0.8055947,1016.918,953.0394,0.9576423,854.0457,800.2009,0.8179914,1330.517,1070.6237,0.8824266,1281.438,1017.62976,0.8236424,984.8959,1011.8606,0.5096718,968.7759,963.5957,0.2866818,933.53656,1080,0.16968471,948.78204,1080,0.09142664
person_32_0.jpg,32,0,patient,0.6540768,766.6928,270.89612,1493.6311,1080,726.9383,809.1039,1130.162,675.44806,0.89844865,1155.7991,485.9033,0.6731265,1168.3043,456.4668,0.7138022,1173.7427,455.4711,0.101086944,1252.9272,463.38522,0.8383211,1266.8529,457.2672,0.03257805,1305.3225,628.3384,0.9778491,1348.1886,579.4318,0.9333428,1204.0548,936.09875,0.9800216,1239.8569,829.6695,0.7729417,1030.5762,868.78253,0.96591014,1016.1242,791.6776,0.7926886,1246.6896,1013.78375,0.9245626,1274.2599,965.27673,0.87022537,835.97253,936.7786,0.7182822,879.24054,897.8385,0.46304306,827.18884,1080,0.38217527,834.6303,1080,0.21846443
person_32_1.jpg,32,1,caregiver,0.5084066,312.50623,682.1507,732.11774,1057.6798,419.6115,375.5291,522.312,869.9153,1.1173874,561.353,752.6458,0.89369035,583.7876,744.3693,0.8960327,567.4504,737.2138,0.68642044,635.17126,763.76184,0.85618293,573.70074,747.2473,0.3288156,637.64526,840.7381,0.982975,537.3949,813.44293,0.9663732,564.8183,900.2016,0.9520648,431.32764,856.2938,0.80434394,427.62708,835.5452,0.92144966,365.77377,855.42523,0.77146626,524.6878,1003.40796,0.91030717,462.88425,979.58057,0.87171555,365.16727,1004.9981,0.62859905,336.89545,984.64307,0.47104114,335.3569,1077.2379,0.3394165,349.74493,1054.4989,0.24125215
person_33_0.jpg,33,0,caregiver,0.52743727,769.8667,287.10983,1564.1432,1080,794.2765,792.89014,1167.0049,683.55493,1.0017484,1333.0656,489.15594,0.9661905,1356.5414,461.74826,0.9113522,1301.5615,464.05972,0.95337504,1386.516,476.9091,0.5508834,1252.5054,481.43872,0.829377,1415.9581,631.64746,0.978274,1215.6133,633.3373,0.9929322,1489.2368,794.69305,0.8310746,1143.0713,821.128,0.96630377,1474.9673,804.8319,0.79176044,1102.0271,892.46606,0.9315047,1279.8197,982.14014,0.92132956,1161.214,968.4276,0.9568196,997.16394,1026.0325,0.6079659,935.8468,1014.3141,0.7140055,872.66943,1080,0.3148635,869.99536,1080,0.40155974
person_34_0.jpg,34,0,caregiver,0.6736985,932.9761,294.93396,1920,1072.5897,987.0239,777.65576,1426.488,683.76184,1.2692299,1361.0337,513.7451,0.9849052,1396.1626,483.1896,0.97076017,1325.0967,478.43127,0.974277,1433.0905,494.88376,0.7341196,1248.7534,483.0785,0.80246556,1436.8851,645.19324,0.99214077,1179.5688,641.6182,0.98842525,1637.0962,801.0311,0.95429647,1115.5795,819.40424,0.9078783,1823.6542,938.57983,0.91245914,1095.1464,919.43524,0.8416103,1327.5587,1036.8477,0.8992785,1165.1329,1037.9731,0.87790763,1320.9484,906.65936,0.3902428,1136.9985,911.4694,0.32894468,1374.7861,1032.886,0.16053948,1155.542,1044.9164,0.13581628
person_35_0.jpg,35,0,caregiver,0.54667467,770.85956,287.07422,1920,1074.4142,1149.1404,787.33997,1345.4298,680.7442,1.4595225,1360.6549,517.0493,0.9787938,1393.3208,480.6675,0.93794876,1325.397,479.1854,0.9559655,1426.7908,478.36966,0.6512436,1239.4492,470.30762,0.7567178,1467.261,650.7371,0.9783424,1196.9373,630.71313,0.97788835,1726.9569,835.8977,0.8913728,1136.2914,797.90015,0.89689624,1872.185,961.0963,0.8411924,1046.8849,892.7602,0.8379406,1291.4305,1018.8402,0.8629387,1132.5677,988.1824,0.86527795,990.4016,1036.9006,0.5505589,895.28973,1020.67596,0.53466636,905.44806,1066.518,0.2776696,913.078,1038.9531,0.25515223
person_37_0.jpg,37,0,caregiver,0.7204384,776.7202,281.9392,1441.7041,1080,664.9839,798.0608,1109.2122,680.9696,0.8332497,1124.7775,479.97092,0.81101644,1143.6017,449.89447,0.84122914,1134.0098,451.3182,0.21624652,1236.5267,452.63034,0.8674515,1187.777,456.84738,0.037898332,1325.4719,617.4623,0.98454565,1247.2384,592.51825,0.94086194,1285.369,894.04663,0.9873775,1214.0583,836.56366,0.7982819,1086.102,870.4164,0.981705,1098.307,851.09924,0.8410167,1244.8135,1020.05536,0.96258914,1194.6124,982.7522,0.9250822,866.51965,1022.3469,0.8520726,875.86554,989.98303,0.6434215,857.6318,1080,0.56868863,892.1492,1080,0.36030313
person_38_0.jpg,38,0,caregiver,0.8870952,780.61646,189.25528,1423.8252,1060.9178,643.20874,871.6626,1102.2208,625.08655,0.7379102,851.86053,416.3744,0.7456104,858.7882,390.5908,0.83128107,853.64624,388.34253,0.2188611,919.7619,352.20425,0.9096184,931.81476,339.6272,0.102502346,1060.9526,465.0611,0.9897827,1040.0815,424.6322,0.80869377,1179.341,755.291,0.98358154,1113.8658,663.2907,0.45476335,1159.4855,960.04724,0.94765675,1069.0786,878.7802,0.43915254,1272.2903,906.5851,0.9116167,1265.7749,884.7854,0.69515896,1071.2927,1066.4343,0.54208684,1093.076,1013.67114,0.20005503,1227.7375,1080,0.18202913,1270.7948,975.5844,0.07755256
person_39_0.jpg,39,0,caregiver,0.8656764,804.2071,3.3600996,1276.331,1065.717,472.12396,1062.3569,1040.269,534.5386,0.4444118,888.7849,176.10768,0.74904364,896.30096,138.81007,0.8411499,896.85724,137.94868,0.2298058,967.165,120.60613,0.94226485,1024.0702,107.854034,0.19878626,998.59924,299.7727,0.99200815,1167.6772,254.42046,0.8633256,981.7909,589.62775,0.9808223,1213.6741,531.197,0.4502537,886.4357,815.0169,0.92683244,1061.6582,750.05566,0.40971193,1074.4498,796.6052,0.9293472,1182.1711,772.7241,0.75625974,1016.02234,1080,0.54835385,1103.8511,1080,0.23032463,1078.45,1080,0.14179334,1105.7559,1080,0.06392518
person_40_0.jpg,40,0,caregiver,0.9121829,585.6174,190.5832,1300.597,1072.0758,714.9797,881.4926,943.1072,631.3295,0.81110114,698.6108,435.40265,0.7014627,694.4279,413.21002,0.80094826,706.7552,400.10312,0.19483605,733.153,356.625,0.922354,800.0611,323.29156,0.15111628,841.3767,442.06534,0.9918467,956.38477,358.37308,0.8806881,831.66223,728.5033,0.9848567,948.2519,578.01825,0.59038365,711.85785,872.09204,0.94670963,750.04675,808.15094,0.557491,1155.139,753.46136,0.9626219,1230.0566,716.5753,0.88070095,992.304,1070.8411,0.80809045,1076.0077,1022.69836,0.54012495,1070.1714,1080,0.40863636,1114.0225,1076.9077,0.23841807
person_41_0.jpg,41,0,caregiver,0.8979106,611.93066,176.20456,1323.7422,1068.8269,711.8115,892.6223,967.8364,622.51575,0.7974386,726.6128,401.91992,0.6827936,728.8877,379.83505,0.79836845,740.6336,367.25772,0.1613695,778.78357,338.13397,0.9362962,848.37256,301.2411,0.13361374,866.8096,441.43567,0.9934247,1006.0541,355.04657,0.8884778,825.8443,740.41266,0.98756886,994.6972,584.79535,0.5783303,702.71826,895.23944,0.951224,788.1086,832.16614,0.53042614,1174.459,766.0724,0.9692583,1264.1926,730.69434,0.8925539,992.52155,1027.838,0.84652287,1090.1222,988.09564,0.58467805,1122.5166,1080,0.4917598,1193.8933,1038.4618,0.2937001
person_42_0.jpg,42,0,caregiver,0.90787697,609.8158,159.10297,1324.3766,1068.7557,714.5608,909.6528,967.0962,613.9293,0.7855314,724.106,393.348,0.6602981,724.4849,369.28818,0.764591,739.0913,358.7045,0.15678781,772.6271,328.92285,0.9232173,850.9632,296.63998,0.13921377,865.6822,435.44116,0.9917828,1010.14557,362.67148,0.8934642,831.49927,740.29364,0.98455226,1006.8919,614.27625,0.6148417,719.6146,870.659,0.9462965,802.16254,821.24915,0.5718353,1169.26,769.6815,0.9657171,1261.2886,738.3914,0.89503866,984.4912,1013.905,0.8423221,1069.7592,980.8346,0.6112028,1094.9181,1080,0.4893312,1143.9314,1065.7108,0.31116545
person_43_0.jpg,43,0,caregiver,0.8095343,734.0559,182.3209,1471.8555,1068.4817,737.79956,886.16077,1102.9557,625.4013,0.8325798,832.3923,418.29544,0.565355,827.8939,392.91833,0.6064803,838.8886,385.4925,0.12635368,869.1625,342.78995,0.84514236,945.58167,310.9613,0.18488744,954.5736,418.29916,0.9852967,1102.216,353.51352,0.91477656,1019.33984,708.2154,0.9718642,1185.4474,589.7709,0.69199085,899.0469,782.36365,0.9149447,968.5846,721.09186,0.6220427,1247.8562,747.52734,0.96569717,1353.3625,726.6605,0.9195818,1122.4614,1040.3684,0.8586221,1250.3008,1009.71893,0.715792,1243.0256,1080,0.54305786,1397.1042,1067.5026,0.42667615
person_44_0.jpg,44,0,caregiver,0.8917515,805.3333,90.05172,1524.5562,1069.9559,719.22284,979.90424,1164.9447,580.00385,0.73397255,894.7528,342.16653,0.76289266,897.52905,313.38483,0.8605635,899.54535,306.60025,0.22402117,962.12134,271.93982,0.9375962,1001.5737,246.97516,0.1339243,1087.6078,397.19797,0.9922726,1177.0948,335.66293,0.8620085,1156.1615,708.5723,0.984944,1220.7471,596.49713,0.51762295,999.0094,791.9754,0.95080507,1015.56696,739.58527,0.51890004,1373.2589,787.69666,0.93655086,1432.4323,759.61334,0.7911434,1177.9333,1069.7607,0.643568,1267.4596,1050.8625,0.3130842,1268.9438,1080,0.20406812,1349.5985,1080,0.0975655
person_44_1.jpg,44,1,patient,0.56418395,533.9293,362.90506,929.3039,1006.62695,395.37457,643.7219,731.6166,684.766,0.6142009,668.8567,534.61566,0.9673128,697.10114,506.44223,0.9720594,651.1392,509.93018,0.9075403,772.4957,501.66782,0.88469,645.1849,511.0332,0.46679777,864.0904,625.1914,0.9783634,637.4573,625.52795,0.9677595,908.4871,803.719,0.87986314,582.668,791.6759,0.72819567,851.4456,829.46484,0.78027433,573.29645,810.1931,0.62001747,831.40845,953.81696,0.7777275,685.0252,946.0329,0.73972785,810.38385,1059.4839,0.21660739,633.1818,1047.816,0.16517317,794.46063,1080,0.08260757,663.1411,1080,0.06735936
person_45_0.jpg,45,0,caregiver,0.81620085,833.6332,3.5801694,1515.013,1067.4518,681.37976,1063.8716,1174.323,535.516,0.6404718,1055.6301,174.96706,0.8818222,1077.4309,141.74171,0.9089497,1053.7463,142.4794,0.44715303,1177.3335,130.92201,0.925573,1123.4989,128.33496,0.17485368,1292.3589,313.30832,0.9932835,1195.7212,276.11993,0.92066306,1317.8766,599.2955,0.9846157,1117.9283,479.51886,0.66309786,1146.0813,761.5969,0.9557359,926.38684,558.71234,0.64599395,1372.2854,768.41565,0.9596822,1319.2831,741.4787,0.87849355,1241.2053,1080,0.7292305,1258.5385,1039.7972,0.44833452,1298.7604,1080,0.2669582,1352.1677,1080,0.14748341
person_45_1.jpg,45,1,patient,0.6021999,498.92105,297.92014,955.4,980.1729,456.47897,682.2528,727.1605,639.0465,0.66907597,647.1719,493.5911,0.97473276,679.23804,461.92502,0.9805453,625.93774,463.92767,0.92497605,756.49963,451.15674,0.91033685,611.1679,458.00958,0.4625755,836.2234,582.1934,0.982814,608.19714,580.9301,0.97134984,893.8074,772.57214,0.9077213,570.2192,767.8332,0.7348779,849.0352,800.5624,0.82831883,546.23254,802.5716,0.63701564,768.8064,924.2717,0.7670827,624.82855,913.35724,0.71825975,714.5137,954.31335,0.2446861,548.89343,940.2186,0.17582309,681.9537,1072.9491,0.10624492,564.76855,1051.0469,0.08173841
person_46_0.jpg,46,0,caregiver,0.7224994,950.2552,3.4944532,1484.9524,1067.5381,534.6972,1064.0436,1217.6038,535.5163,0.50251436,1110.309,142.55647,0.7679295,1123.3114,104.07308,0.81446946,1119.2867,108.17144,0.27584293,1212.699,94.78648,0.89900684,1231.6027,94.75467,0.16460174,1302.2405,305.8839,0.9871019,1320.5442,248.53127,0.90029806,1291.1674,652.1796,0.9712378,1259.9954,514.65485,0.62634146,1086.8124,800.0811,0.91568995,1015.32404,630.5351,0.56967807,1303.9875,867.6932,0.9151853,1318.3994,825.09955,0.8020323,1149.9192,1080,0.45496002,1202.6534,1080,0.23790556,1231.1792,1080,0.09999055,1262.3328,1080,0.05609262
person_46_1.jpg,46,1,patient,0.63533753,529.78094,310.38113,986.7514,1011.91376,456.97046,701.5326,758.2662,661.14746,0.65138876,611.1135,520.8474,0.9669101,641.0769,484.4943,0.9759589,586.0535,491.86487,0.858817,722.76996,465.10526,0.9262624,576.9193,487.84708,0.2851982,826.99054,590.81537,0.98736143,604.8776,613.03424,0.96207905,910.6207,799.2489,0.94728,603.7881,817.4332,0.68590593,846.2763,887.5242,0.88420844,586.4901,875.3527,0.6048385,825.79346,962.4214,0.8377233,675.63135,965.1046,0.74741405,825.5277,1059.2634,0.31233844,603.6085,1057.7703,0.18635881,881.433,1080,0.09847742,642.8805,1080,0.06201911
person_0_0.jpg,0,0,caregiver,0.7694794,1061.6084,150.46439,1333.3593,706.51904,271.75085,556.0547,1197.4839,428.4917,0.48871246,1209.3947,240.31276,0.9345256,1223.5591,226.17226,0.91174316,1197.5342,226.65509,0.84413064,1251.1438,228.88268,0.8131466,1179.0508,230.90366,0.5732254,1287.9073,296.9558,0.99211514,1152.556,295.74725,0.9904903,1289.9825,400.8321,0.96018064,1123.4684,390.0607,0.9179912,1195.4945,436.3219,0.9287051,1144.745,427.3687,0.8707443,1249.3523,463.9343,0.9824623,1157.8054,459.42465,0.9799669,1240.9288,521.8837,0.94424456,1109.5679,515.46643,0.9271035,1224.2122,657.51215,0.87303853,1116.262,649.59125,0.8481753
person_1_0.jpg,1,0,caregiver,0.7879758,856.59894,106.92603,1153.7466,636.3788,297.14764,529.45276,1005.1727,371.6524,0.5612354,909.67194,227.42201,0.78811276,918.59973,209.33737,0.785637,899.23474,213.15897,0.54184836,947.96844,195.32793,0.722655,899.3998,205.553,0.25536484,1011.74646,259.375,0.9515827,904.191,275.19995,0.8691306,1079.4481,378.4876,0.84879774,916.31854,406.78268,0.4854848,1070.8784,496.17368,0.725448,935.92065,498.75113,0.40808398,1027.6581,505.20856,0.78368676,960.50336,511.38385,0.6765703,1033.0044,635.0115,0.3807008,957.562,639.9389,0.25695476,1056.7135,730.2172,0.16089511,986.83496,730.8986,0.1126478
person_1_1.jpg,1,1,patient,0.65115005,557.8919,256.33218,1013.71625,704.73895,455.82434,448.40677,785.8041,480.53558,1.0165421,868.1229,400.01105,0.93692297,873.74274,377.2095,0.7887695,843.9952,378.6626,0.955065,875.81244,373.97882,0.24445015,776.30286,372.51147,0.90655476,889.7391,467.08633,0.93539524,693.7785,470.6831,0.9831754,950.57874,597.9304,0.59292364,614.7564,612.7613,0.9336797,990.2469,663.7622,0.5111293,616.96185,665.5936,0.84905493,873.2133,712.7824,0.66587055,741.4049,721.5549,0.80760336,938.36755,749.84924,0.16672438,735.8845,762.4515,0.30429077,937.3028,818.3014,0.07349405,711.0753,841.4611,0.12585777
person_2_0.jpg,2,0,caregiver,0.8120768,982.3405,146.77676,1428.6024,867.50104,446.2619,720.72424,1205.4714,507.13892,0.6191854,1125.709,305.0079,0.87763405,1149.7926,286.22388,0.889963,1120.1271,281.8158,0.63217354,1204.5203,286.10825,0.8512156,1113.5658,275.85754,0.22839645,1258.2643,377.23514,0.99009824,1078.5283,360.3777,0.9733405,1266.3269,539.6597,0.97473127,1045.5269,508.83438,0.831702,1164.1196,605.8351,0.9440999,1086.7788,603.2883,0.77239895,1224.3871,626.7257,0.9796525,1093.881,616.2635,0.9660379,1300.0002,687.2477,0.9159185,1056.2356,674.6239,0.8431902,1370.5376,828.07043,0.7989006,1089.3105,805.2703,0.6965588
person_2_1.jpg,2,1,patient,0.6243322,605.84344,244.73509,1055.0387,769.2583,449.19525,524.5232,830.44104,506.9967,0.8563878,890.74255,392.44666,0.9543962,905.36084,374.33203,0.8604801,872.0775,367.00302,0.94846225,910.9008,376.42065,0.4342941,809.9255,352.42862,0.875856,892.7981,470.29745,0.9822632,717.08575,437.69455,0.990795,920.15344,624.3303,0.8482266,649.7133,566.2415,0.9348049,973.64014,729.53516,0.7562429,696.4583,619.04193,0.8587185,829.57294,696.13684,0.9162277,712.48206,690.5984,0.937717,919.9759,667.2902,0.6465791,766.72424,666.0407,0.71953124,891.14746,796.1752,0.43317977,738.4843,798.42554,0.49764946
person_3_0.jpg,3,0,caregiver,0.82179666,1070.5117,5.605888,1428.8162,794.1627,358.30444,788.5568,1249.664,399.8843,0.45438,1363.1232,151.0581,0.76832247,1370.138,130.52266,0.46640867,1347.2466,127.25177,0.7225331,1362.6139,117.70351,0.18584123,1289.2842,105.271675,0.6235475,1361.1615,203.09302,0.9301852,1191.8713,188.34818,0.959571,1372.1078,374.48804,0.78240675,1106.1145,355.11993,0.90290564,1363.071,506.87323,0.7255771,1143.2245,504.343,0.8386259,1289.8846,519.78577,0.91436136,1180.1433,518.74774,0.93421996,1310.9563,726.4214,0.6231679,1212.3495,729.4124,0.6852954,1291.3391,847.6737,0.2914812,1207.7501,855.9084,0.3337952
person_3_1.jpg,3,1,patient,0.7671586,924.29803,281.7051,1314.1456,878.9553,389.8476,597.25024,1119.2218,580.3302,0.65273744,1248.369,406.56628,0.6850476,1249.3763,381.85858,0.16986334,1238.7284,382.1907,0.7965174,1185.6818,364.50848,0.039240032,1175.1708,368.5827,0.9022922,1122.2827,446.61108,0.82697207,1082.5983,468.12817,0.97745824,1100.0956,620.3376,0.3041653,1039.9192,660.51447,0.9488856,1154.2632,802.0199,0.26629806,1119.2378,816.1666,0.8500981,1074.8073,734.8877,0.7296533,1048.8025,755.53375,0.894261,1195.7975,821.5867,0.2801639,1172.3619,840.49756,0.5922593,1143.283,893.6123,0.13696206,1138.7338,926.0451,0.305878
person_4_0.jpg,4,0,patient,0.7416272,898.1994,306.69586,1330.813,849.6705,432.6136,542.9746,1114.5062,578.18317,0.7967474,1252.1263,440.91394,0.71953076,1257.507,416.14917,0.21737096,1238.4907,417.54654,0.76665014,1206.4872,390.22235,0.069693506,1195.2224,398.72278,0.8705579,1139.2567,449.10968,0.90081596,1153.0543,466.65634,0.9805372,1164.2059,602.4717,0.4978792,1164.3931,636.3257,0.95416486,1227.1489,747.6372,0.46895474,1205.1085,778.9249,0.88975024,1023.9555,702.19604,0.8338985,1033.3167,714.78204,0.9259819,1189.3723,736.9075,0.483281,1219.3739,748.73834,0.74364173,1117.6624,783.0765,0.29653707,1154.6443,805.14606,0.50140625
person_4_1.jpg,4,1,patient,0.5590048,952.0234,9.709395,1385.1836,816.56635,433.16022,806.85693,1168.6035,413.13788,0.53684884,1304.528,154.4775,0.63446563,1313.4852,134.13019,0.27999198,1291.9894,129.3961,0.63226503,1300.0764,121.90275,0.10003409,1241.173,108.511154,0.62382907,1280.222,203.90224,0.88320684,1151.5579,190.23106,0.9557155,1292.4998,386.55658,0.6554879,1096.0707,377.74896,0.9169208,1310.7183,523.68317,0.593657,1099.763,546.1716,0.83914864,1171.3114,506.71957,0.8858279,1087.3446,503.9048,0.93100667,1234.3551,628.61316,0.623273,1141.4958,628.91394,0.7509233,1190.6312,792.0458,0.3837143,1096.1161,798.98065,0.49407724
person_5_0.jpg,5,0,patient,0.81478465,952.4654,421.78333,1437.2535,881.23224,484.78815,459.4489,1194.8595,651.5078,1.0551513,1354.8033,572.2968,0.80330515,1367.8678,553.4817,0.37117517,1349.8523,545.1764,0.8256407,1341.0283,526.96216,0.11525506,1311.2549,507.8934,0.85313475,1268.0071,571.9156,0.9280425,1224.8354,551.54236,0.98242104,1268.1814,708.3595,0.6375954,1182.1344,690.7232,0.95459044,1298.6716,792.33545,0.6009924,1230.6898,801.5389,0.8973117,1097.0393,772.6248,0.8736413,1065.3042,767.1017,0.9348972,1234.2836,855.4528,0.5384219,1211.3823,852.00824,0.74158573,1135.808,873.3238,0.286814,1111.5818,876.0358,0.44913447
person_5_1.jpg,5,1,patient,0.5910949,954.6929,238.55368,1441.2339,874.2782,486.54102,635.7245,1197.9634,556.41595,0.7653331,1371.5653,497.86307,0.77414393,1387.433,479.92096,0.41212082,1370.354,471.08298,0.784116,1357.3431,463.39996,0.19827512,1333.484,447.3596,0.79198027,1293.5316,531.2,0.9156168,1245.6641,520.4159,0.974522,1275.3671,682.2373,0.5429061,1200.4492,670.2427,0.9100929,1289.8702,785.85156,0.49365827,1254.741,789.12775,0.81133986,1127.0842,746.7408,0.86776984,1088.1039,745.483,0.9242867,1252.0283,846.4138,0.5650383,1217.2819,844.9921,0.7331265,1170.5834,909.97797,0.32809502,1122.3546,911.61,0.46741915
person_6_0.jpg,6,0,caregiver,0.83112,765.8839,479.64874,1017.7178,1077.6614,251.83386,598.01263,891.80084,778.655,0.42111796,921.9523,564.10925,0.6585512,931.89026,552.14465,0.5134759,914.0696,548.5018,0.5738912,941.9602,559.72046,0.33561897,889.81824,550.1827,0.41705868,959.375,644.46954,0.95847374,844.74084,631.899,0.9604876,989.9934,768.97815,0.83727264,805.3428,747.75507,0.86617327,994.9272,865.61926,0.7505655,823.7327,847.34717,0.78019154,907.019,882.5671,0.9643936,838.9748,877.09894,0.96534526,898.8528,1047.6088,0.7566179,841.4005,1043.076,0.76444083,872.79474,1080,0.4092185,830.3407,1080,0.41787723
person_6_1.jpg,6,1,patient,0.80876213,585.5851,517.497,827.06915,1074.3473,241.48407,556.8503,706.32715,795.9221,0.4336607,778.45465,605.06146,0.75406784,784.0103,591.78033,0.44937977,768.94324,591.0488,0.7771289,784.41425,590.7328,0.16797206,738.2408,586.7905,0.7523398,783.04297,657.748,0.86156124,683.4311,653.7952,0.9641393,778.3577,767.1275,0.49867907,631.1285,763.38885,0.91972274,767.0805,869.0724,0.46331567,629.6441,878.8809,0.8427565,742.5575,880.96704,0.8078244,681.3027,880.6998,0.9019245,725.1415,1039.2434,0.45804834,676.9021,1039.6625,0.6549853,716.99445,1080,0.2479786,676.76324,1080,0.3801369
person_7_0.jpg,7,0,patient,0.8792925,508.66022,400.73373,841.63635,1074.6917,332.97614,673.9579,675.1483,737.7127,0.49406075,773.6137,544.6046,0.9052737,783.42236,526.13184,0.6700312,756.3945,523.6258,0.92031443,788.72974,520.5773,0.20524988,707.46313,511.3726,0.87377894,793.46234,612.37524,0.94219327,630.1515,603.70233,0.9893223,816.7105,764.2674,0.70242983,563.11786,760.0162,0.975441,808.66907,907.35645,0.65405643,540.8567,931.02594,0.93860126,733.4467,929.33606,0.88518935,630.09985,928.55743,0.9508585,737.2427,1080,0.40668893,651.7711,1080,0.63811696,723.8587,1080,0.124102235,645.276,1080,0.22604644
person_7_1.jpg,7,1,caregiver,0.83186585,784.8493,397.72897,1157.2849,1072.4213,372.4356,674.69226,971.06714,735.07513,0.5520081,1078.2455,546.57166,0.7883642,1093.4363,531.5404,0.5718871,1070.9313,521.8982,0.75965667,1107.8094,527.1238,0.2256878,1032.8989,498.92725,0.59928364,1106.9824,609.5906,0.91952544,923.4656,576.7291,0.96874726,1111.1316,751.742,0.8117434,815.9362,707.77594,0.9476685,1106.9132,848.27313,0.7758478,810.37256,829.1782,0.90499866,1031.86,912.45087,0.9052774,911.34064,901.5742,0.93982965,1033.8418,1080,0.5166448,894.7877,1080,0.6249818,1017.4698,1080,0.18869483,856.28827,1080,0.24964535
person_8_0.jpg,8,0,patient,0.8701863,881.56946,323.52148,1535.0383,1063.0785,653.4689,739.557,1208.304,693.3,0.883595,1420.2667,574.3085,0.86143523,1431.9012,552.6807,0.5080893,1427.9475,531.7059,0.8639908,1356.7128,540.04395,0.21185198,1352.5347,484.65326,0.8363843,1275.4868,670.7469,0.88496375,1154.88,560.7396,0.95999014,1262.5475,895.2129,0.688152,936.35614,629.4204,0.91217273,1315.6033,984.0048,0.63914675,1023.5438,618.58014,0.86277986,1145.0449,1068.4955,0.5081086,1060.5436,1038.2921,0.63522685,1242.2657,1080,0.09108052,1130.1512,1080,0.13648245,1342.37,1080,0.026462168,1201.3077,1037.0979,0.03306803
person_9_0.jpg,9,0,caregiver,0.7890799,930.374,282.37613,1482.1251,1075.8457,551.7511,793.4696,1206.2495,679.1109,0.69536513,1043.347,405.25186,0.09594789,1037.6716,382.16708,0.096054494,1055.0115,378.98584,0.028290123,1034.0697,388.61725,0.8618306,1168.4163,372.91675,0.48612708,1015.1466,524.14795,0.98297083,1262.9105,479.43082,0.97688437,1020.35815,752.0735,0.92735916,1393.22,618.53174,0.85687554,984.1837,890.3015,0.7025254,1332.3467,666.34753,0.559078,1087.168,892.1922,0.9402999,1247.9613,873.8752,0.932922,1063.0774,1080,0.38580236,1233.4565,1080,0.33279365,1096.1261,1080,0.08306697,1240.5159,1080,0.07237244
